school,gender,age,study time,significant other,free time,social activities,weekday drinker,weekend drinker,health,totaldrinks,drinker,id
GP,F,18,2,no,3,4,1,1,3,2,0,1
GP,F,17,2,no,3,3,1,1,3,2,0,2
GP,F,15,2,no,3,2,2,3,3,5,1,3
GP,F,15,3,yes,2,2,1,1,5,2,0,4
GP,F,16,2,no,3,2,1,2,5,3,0,5
GP,M,16,2,no,4,2,1,2,5,3,0,6
GP,M,16,2,no,4,4,1,1,3,2,0,7
GP,F,17,2,no,1,4,1,1,1,2,0,8
GP,M,15,2,no,2,2,1,1,1,2,0,9
GP,M,15,2,no,5,1,1,1,5,2,0,10
GP,F,15,2,no,3,3,1,2,2,3,0,11
GP,F,15,3,no,2,2,1,1,4,2,0,12
GP,M,15,1,no,3,3,1,3,5,4,0,13
GP,M,15,2,no,4,3,1,2,3,3,0,14
GP,M,15,3,yes,5,2,1,1,3,2,0,15
GP,F,16,1,no,4,4,1,2,2,3,0,16
GP,F,16,3,no,2,3,1,2,2,3,0,17
GP,F,16,2,no,3,2,1,1,4,2,0,18
GP,M,17,1,no,5,5,2,4,5,6,1,19
GP,M,16,1,no,1,3,1,3,5,4,0,20
GP,M,15,2,no,4,1,1,1,1,2,0,21
GP,M,15,1,no,4,2,1,1,5,2,0,22
GP,M,16,2,no,5,1,1,3,5,4,0,23
GP,M,16,2,no,4,4,2,4,5,6,1,24
GP,F,15,3,no,3,2,1,1,5,2,0,25
GP,F,16,1,no,2,2,1,3,5,4,0,26
GP,M,15,1,no,2,2,1,2,5,3,0,27
GP,M,15,1,no,2,4,2,4,1,6,1,28
GP,M,16,2,no,3,3,1,1,5,2,0,29
GP,M,16,2,yes,4,5,5,5,5,10,1,30
GP,M,15,2,no,4,2,3,4,5,7,1,31
GP,M,15,2,no,3,1,1,1,5,2,0,32
GP,M,15,2,yes,5,2,1,1,5,2,0,33
GP,M,15,2,no,3,2,1,1,2,2,0,34
GP,M,16,1,no,4,3,1,1,5,2,0,35
GP,F,15,1,no,5,1,1,1,5,2,0,36
GP,M,15,3,no,4,3,1,1,4,2,0,37
GP,M,16,3,yes,4,3,1,1,5,2,0,38
GP,F,15,3,no,3,2,1,1,5,2,0,39
GP,F,15,1,no,3,1,1,1,2,2,0,40
GP,F,16,2,yes,3,3,1,2,3,3,0,41
GP,M,15,1,yes,4,3,2,4,5,6,1,42
GP,M,15,2,no,3,3,1,1,5,2,0,43
GP,M,15,1,no,4,1,1,1,1,2,0,44
GP,F,16,2,no,3,3,2,2,5,4,0,45
GP,F,15,2,yes,2,2,1,1,5,2,0,46
GP,F,16,2,no,3,5,1,4,3,5,1,47
GP,M,16,4,no,2,2,1,1,2,2,0,48
GP,M,15,2,no,3,3,2,2,5,4,0,49
GP,F,15,2,no,4,4,1,1,3,2,0,50
GP,F,16,2,no,3,3,2,3,4,5,1,51
GP,F,15,2,no,3,3,1,1,5,2,0,52
GP,M,15,1,no,5,5,3,4,5,7,1,53
GP,F,15,1,no,3,4,2,3,5,5,1,54
GP,F,15,1,no,3,4,4,4,1,8,1,55
GP,F,16,2,yes,3,4,1,1,2,2,0,56
GP,F,15,2,no,3,2,1,1,1,2,0,57
GP,M,15,2,no,2,2,1,1,5,2,0,58
GP,M,15,2,no,3,2,1,1,5,2,0,59
GP,F,16,2,no,2,3,1,1,5,2,0,60
GP,F,16,2,no,4,4,2,3,4,5,1,61
GP,F,16,1,yes,5,5,5,5,5,10,1,62
GP,F,16,2,no,4,3,1,1,1,2,0,63
GP,F,16,3,no,4,4,2,4,4,6,1,64
GP,F,15,2,yes,4,4,2,4,2,6,1,65
GP,F,16,2,no,4,3,1,2,1,3,0,66
GP,M,15,4,yes,3,3,5,5,3,10,1,67
GP,F,16,4,no,3,3,1,2,5,3,0,68
GP,F,15,2,no,1,3,1,3,4,4,0,69
GP,F,15,4,no,4,2,2,3,3,5,1,70
GP,M,16,4,no,3,2,1,1,5,2,0,71
GP,M,15,4,no,3,3,1,1,3,2,0,72
GP,F,15,2,yes,3,4,2,4,5,6,1,73
GP,M,16,1,no,3,2,2,2,5,4,0,74
GP,F,16,2,no,3,3,2,4,5,6,1,75
GP,M,15,2,no,3,3,2,3,5,5,1,76
GP,M,15,4,no,4,3,1,1,1,2,0,77
GP,F,16,4,yes,2,3,1,3,3,4,0,78
GP,M,17,1,no,5,1,1,1,3,2,0,79
GP,F,16,2,no,4,3,1,2,3,3,0,80
GP,M,15,1,yes,2,2,1,3,3,4,0,81
GP,M,15,3,no,3,2,1,2,5,3,0,82
GP,F,15,2,no,4,4,1,1,5,2,0,83
GP,M,15,2,no,3,3,1,3,4,4,0,84
GP,F,15,2,no,3,2,2,3,4,5,1,85
GP,F,15,2,yes,4,4,2,3,5,5,1,86
GP,F,16,2,no,3,4,1,2,2,3,0,87
GP,F,15,3,no,3,3,1,3,1,4,0,88
GP,M,16,2,no,4,2,1,1,3,2,0,89
GP,M,16,2,no,1,3,3,5,5,8,1,90
GP,F,16,3,yes,3,3,1,3,4,4,0,91
GP,F,15,1,no,5,5,1,3,1,4,0,92
GP,F,16,2,no,3,3,2,3,2,5,1,93
GP,F,16,2,no,3,3,1,1,1,2,0,94
GP,M,15,4,no,3,4,1,1,4,2,0,95
GP,F,15,4,no,1,2,1,1,1,2,0,96
GP,M,16,1,no,3,3,1,1,4,2,0,97
GP,F,16,2,yes,3,5,1,1,5,2,0,98
GP,F,16,1,no,3,4,1,2,1,3,0,99
GP,F,16,3,no,3,5,1,1,3,2,0,100
GP,M,16,1,no,5,5,5,5,4,10,1,101
GP,M,16,3,yes,4,3,1,1,4,2,0,102
GP,M,15,1,no,3,3,1,1,5,2,0,103
GP,F,15,2,no,3,5,1,1,2,2,0,104
GP,M,15,2,no,4,4,1,1,1,2,0,105
GP,F,15,4,no,3,3,1,1,4,2,0,106
GP,F,15,4,no,1,2,1,1,3,2,0,107
GP,M,16,3,no,3,3,1,1,5,2,0,108
GP,M,15,4,yes,3,5,3,5,1,8,1,109
GP,F,16,3,yes,4,5,1,1,4,2,0,110
GP,M,15,1,no,5,3,1,1,4,2,0,111
GP,F,16,3,no,1,2,1,1,2,2,0,112
GP,F,16,2,no,1,2,1,1,5,2,0,113
GP,M,15,1,no,5,2,1,1,3,2,0,114
GP,M,15,2,yes,4,2,1,1,5,2,0,115
GP,M,16,2,no,4,4,1,2,5,3,0,116
GP,M,15,2,no,4,3,1,1,2,2,0,117
GP,M,16,1,no,4,2,1,1,5,2,0,118
GP,M,17,2,no,2,4,1,4,5,5,1,119
GP,M,15,1,no,4,3,1,2,4,3,0,120
GP,F,15,2,no,2,3,1,2,1,3,0,121
GP,M,15,4,no,5,4,1,2,5,3,0,122
GP,F,16,2,yes,2,2,1,2,5,3,0,123
GP,M,16,1,no,4,4,1,4,5,5,1,124
GP,F,16,2,yes,4,4,1,1,5,2,0,125
GP,M,15,1,no,5,5,3,2,5,5,1,126
GP,F,15,2,yes,3,2,1,1,1,2,0,127
GP,F,19,2,no,4,2,1,1,5,2,0,128
GP,M,18,1,no,3,3,1,2,4,3,0,129
GP,M,16,1,no,5,5,2,5,4,7,1,130
GP,F,15,3,yes,2,2,2,2,5,4,0,131
GP,F,15,1,yes,3,3,1,2,4,3,0,132
GP,F,17,1,yes,4,4,1,3,5,4,0,133
GP,F,16,1,no,2,1,1,4,5,5,1,134
GP,M,15,2,yes,3,3,1,1,5,2,0,135
GP,F,15,3,yes,3,3,1,1,5,2,0,136
GP,M,17,2,no,4,5,2,4,5,6,1,137
GP,F,16,1,yes,3,2,1,1,5,2,0,138
GP,M,16,2,yes,4,4,1,3,5,4,0,139
GP,F,15,1,no,3,2,1,1,5,2,0,140
GP,M,15,4,no,2,2,1,1,3,2,0,141
GP,M,16,1,no,3,3,2,2,2,4,0,142
GP,F,15,3,no,2,2,1,1,5,2,0,143
GP,F,16,1,no,4,4,3,3,1,6,1,144
GP,M,17,1,no,4,5,1,2,5,3,0,145
GP,F,15,2,no,4,2,1,2,5,3,0,146
GP,F,15,2,no,3,2,1,1,3,2,0,147
GP,F,15,2,no,3,2,1,1,5,2,0,148
GP,M,16,1,yes,3,2,2,1,5,3,0,149
GP,M,15,1,no,5,5,2,5,5,7,1,150
GP,M,18,1,yes,3,5,2,5,4,7,1,151
GP,M,16,1,yes,4,4,3,5,5,8,1,152
GP,F,15,3,yes,2,1,2,3,3,5,1,153
GP,M,19,1,yes,5,4,1,1,4,2,0,154
GP,F,17,1,yes,2,1,1,1,4,2,0,155
GP,M,15,2,no,4,4,1,1,1,2,0,156
GP,M,17,1,no,2,2,3,3,5,6,1,157
GP,F,18,1,no,2,5,1,5,4,6,1,158
GP,M,16,1,no,2,2,1,2,3,3,0,159
GP,M,16,2,yes,5,5,4,4,5,8,1,160
GP,M,17,1,yes,3,2,2,2,5,4,0,161
GP,M,15,2,yes,4,4,1,4,3,5,1,162
GP,M,16,1,no,4,4,2,4,5,6,1,163
GP,M,17,1,no,3,3,1,4,2,5,1,164
GP,M,17,2,yes,3,5,1,5,5,6,1,165
GP,M,16,1,no,5,2,1,1,2,2,0,166
GP,M,16,2,no,3,5,2,4,4,6,1,167
GP,F,16,2,yes,2,3,1,1,3,2,0,168
GP,F,16,2,no,1,5,1,1,4,2,0,169
GP,F,16,2,yes,4,2,1,1,3,2,0,170
GP,M,16,1,no,4,5,2,4,2,6,1,171
GP,M,16,2,yes,3,2,1,1,3,2,0,172
GP,M,17,2,no,4,4,1,3,5,4,0,173
GP,F,16,2,yes,3,5,1,1,3,2,0,174
GP,F,16,2,no,4,5,1,1,4,2,0,175
GP,M,17,2,no,4,4,4,4,4,8,1,176
GP,F,16,2,no,4,4,1,4,5,5,1,177
GP,M,17,2,no,3,4,1,4,4,5,1,178
GP,M,16,1,yes,3,3,3,4,3,7,1,179
GP,M,17,2,yes,2,3,1,1,2,2,0,180
GP,M,16,2,no,4,3,2,3,3,5,1,181
GP,M,16,2,yes,2,3,1,2,3,3,0,182
GP,F,17,2,no,4,2,2,3,5,5,1,183
GP,F,17,2,yes,3,3,2,3,1,5,1,184
GP,F,16,2,no,2,2,1,2,1,3,0,185
GP,M,17,2,yes,3,4,2,3,4,5,1,186
GP,M,16,1,yes,3,3,1,2,3,3,0,187
GP,M,16,2,yes,2,3,1,2,5,3,0,188
GP,F,17,2,yes,3,3,1,3,3,4,0,189
GP,M,17,2,no,1,3,1,5,3,6,1,190
GP,F,16,2,no,3,3,1,1,2,2,0,191
GP,F,17,2,no,3,3,1,1,3,2,0,192
GP,M,17,2,no,4,4,4,5,5,9,1,193
GP,M,16,1,no,3,2,3,4,5,7,1,194
GP,M,16,1,no,3,3,1,1,3,2,0,195
GP,F,17,2,yes,3,2,1,1,5,2,0,196
GP,M,17,1,no,2,3,1,2,5,3,0,197
GP,M,16,1,no,3,4,3,5,3,8,1,198
GP,F,17,1,no,2,4,2,3,2,5,1,199
GP,F,16,2,no,5,2,1,2,3,3,0,200
GP,F,16,2,no,3,5,1,5,2,6,1,201
GP,F,16,2,no,4,3,1,3,4,4,0,202
GP,F,17,2,no,4,4,1,3,1,4,0,203
GP,F,17,1,no,3,2,1,2,3,3,0,204
GP,F,16,4,no,3,5,1,1,5,2,0,205
GP,F,17,3,yes,4,3,3,4,5,7,1,206
GP,F,16,2,no,3,3,2,2,4,4,0,207
GP,F,16,2,yes,3,2,1,1,1,2,0,208
GP,F,16,1,no,3,2,1,4,5,5,1,209
GP,F,17,3,yes,4,2,1,1,4,2,0,210
GP,F,19,4,no,3,3,1,2,3,3,0,211
GP,M,17,2,yes,3,5,4,5,3,9,1,212
GP,F,16,2,no,3,4,1,1,4,2,0,213
GP,M,18,2,no,4,4,2,4,5,6,1,214
GP,F,17,1,no,2,1,1,2,3,3,0,215
GP,F,17,2,no,4,4,1,3,1,4,0,216
GP,F,17,2,yes,4,5,2,4,1,6,1,217
GP,M,18,2,no,2,4,2,4,4,6,1,218
GP,F,17,1,no,3,3,1,4,3,5,1,219
GP,F,17,3,no,3,3,1,1,4,2,0,220
GP,F,17,2,no,2,5,1,2,5,3,0,221
GP,F,17,3,yes,3,4,1,1,5,2,0,222
GP,F,16,2,no,3,1,1,1,3,2,0,223
GP,M,18,2,no,3,3,5,5,4,10,1,224
GP,F,16,3,no,3,2,1,1,5,2,0,225
GP,F,18,2,yes,3,3,1,1,4,2,0,226
GP,F,17,2,no,3,4,1,3,3,4,0,227
GP,M,17,2,no,3,3,1,3,3,4,0,228
GP,M,18,2,yes,3,2,4,5,3,9,1,229
GP,F,17,3,yes,2,3,1,2,3,3,0,230
GP,F,17,2,yes,2,3,1,2,3,3,0,231
GP,M,17,2,no,5,2,1,1,1,2,0,232
GP,M,17,2,yes,5,5,1,3,2,4,0,233
GP,M,16,2,no,2,4,2,4,1,6,1,234
GP,M,16,2,no,4,2,1,1,5,2,0,235
GP,M,16,3,yes,3,3,1,3,2,4,0,236
GP,M,17,2,yes,4,2,5,5,4,10,1,237
GP,F,16,1,yes,5,2,1,1,5,2,0,238
GP,F,17,2,no,1,1,1,1,3,2,0,239
GP,M,18,2,no,5,4,3,5,2,8,1,240
GP,M,17,2,yes,5,5,1,4,5,5,1,241
GP,M,17,2,no,3,3,2,3,4,5,1,242
GP,M,16,1,no,4,5,1,1,3,2,0,243
GP,M,16,1,no,3,2,1,2,5,3,0,244
GP,F,18,3,yes,4,4,1,1,3,2,0,245
GP,M,16,1,no,3,3,1,1,4,2,0,246
GP,M,17,1,no,2,2,1,1,2,2,0,247
GP,M,22,1,yes,4,5,5,5,1,10,1,248
GP,M,18,2,yes,3,3,1,3,5,4,0,249
GP,M,16,1,no,3,2,2,4,5,6,1,250
GP,M,18,1,no,4,5,2,4,5,6,1,251
GP,M,16,2,no,3,3,1,3,2,4,0,252
GP,M,18,1,no,2,5,2,5,5,7,1,253
GP,M,16,1,no,3,2,1,3,3,4,0,254
GP,M,17,1,no,4,2,2,4,5,6,1,255
GP,M,17,1,no,4,4,1,2,5,3,0,256
GP,F,17,4,no,2,3,1,1,4,2,0,257
GP,M,19,2,no,3,1,1,1,1,2,0,258
GP,M,18,2,no,2,4,1,2,4,3,0,259
GP,F,17,4,yes,4,1,1,1,2,2,0,260
GP,F,18,2,yes,1,2,1,3,2,4,0,261
GP,M,18,2,no,3,2,1,1,3,2,0,262
GP,M,18,3,no,3,2,1,1,3,2,0,263
GP,F,17,3,no,2,3,1,1,4,2,0,264
GP,F,18,3,yes,3,3,1,1,3,2,0,265
GP,M,18,2,no,2,5,3,4,1,7,1,266
GP,M,17,2,yes,4,4,3,4,5,7,1,267
GP,F,18,2,no,3,4,2,2,4,4,0,268
GP,M,18,2,yes,4,5,1,3,5,4,0,269
GP,F,18,2,yes,3,5,1,2,3,3,0,270
GP,F,19,2,no,3,5,3,3,5,6,1,271
GP,F,18,4,yes,5,5,1,3,2,4,0,272
GP,F,18,2,no,4,3,1,1,3,2,0,273
GP,M,17,2,yes,5,2,2,2,1,4,0,274
GP,F,17,2,yes,3,3,1,1,1,2,0,275
GP,F,17,2,yes,4,4,2,3,5,5,1,276
GP,F,18,2,yes,1,1,1,1,5,2,0,277
GP,M,18,1,no,2,4,1,4,3,5,1,278
GP,F,18,2,yes,4,4,1,1,4,2,0,279
GP,M,18,1,no,2,3,1,2,1,3,0,280
GP,M,17,1,yes,5,4,2,4,5,6,1,281
GP,M,17,1,no,4,4,3,4,3,7,1,282
GP,F,18,4,no,2,2,1,1,3,2,0,283
GP,F,18,2,no,4,4,1,1,4,2,0,284
GP,F,17,2,no,4,5,1,2,5,3,0,285
GP,M,17,2,no,3,3,1,2,4,3,0,286
GP,F,18,3,no,3,3,1,2,2,3,0,287
GP,F,17,3,no,3,3,1,1,3,2,0,288
GP,M,18,3,no,2,4,1,3,2,4,0,289
GP,M,18,2,no,4,3,1,1,2,2,0,290
GP,M,18,2,yes,3,2,1,4,5,5,1,291
GP,F,17,3,no,2,2,1,2,3,3,0,292
GP,F,18,2,yes,4,3,1,1,5,2,0,293
GP,F,17,4,no,1,2,1,1,3,2,0,294
GP,M,18,3,no,4,2,1,1,4,2,0,295
GP,M,17,1,no,4,3,1,3,5,4,0,296
GP,F,19,2,no,3,4,2,3,2,5,1,297
GP,F,18,2,yes,4,5,1,2,2,3,0,298
GP,F,18,4,no,3,3,1,1,3,2,0,299
GP,M,18,1,yes,4,2,2,2,1,4,0,300
GP,F,18,2,yes,2,4,1,1,4,2,0,301
GP,M,17,1,no,1,1,2,2,5,4,0,302
GP,F,17,3,no,3,3,1,1,3,2,0,303
GP,F,17,4,no,2,2,1,2,5,3,0,304
GP,M,19,2,yes,4,4,1,1,3,2,0,305
GP,F,18,2,no,4,3,1,1,3,2,0,306
GP,M,20,1,no,5,3,1,1,5,2,0,307
GP,M,19,1,yes,3,4,1,1,4,2,0,308
GP,M,19,2,yes,5,3,1,2,5,3,0,309
GP,F,19,2,no,4,3,1,3,3,4,0,310
GP,F,19,2,yes,2,4,2,2,3,4,0,311
GP,F,19,2,yes,4,1,1,1,2,2,0,312
GP,M,19,2,no,5,2,2,2,4,4,0,313
GP,F,19,2,yes,2,2,1,2,1,3,0,314
GP,F,19,3,yes,1,2,1,1,3,2,0,315
GP,F,19,3,yes,1,2,1,1,3,2,0,316
GP,F,18,2,no,3,3,1,2,1,3,0,317
GP,F,18,3,yes,3,4,1,1,5,2,0,318
GP,F,17,3,no,3,4,2,5,5,7,1,319
GP,F,18,2,no,4,4,3,3,5,6,1,320
GP,F,17,2,yes,2,2,1,2,5,3,0,321
GP,F,17,2,yes,2,2,1,1,3,2,0,322
GP,F,17,3,no,3,2,2,2,3,4,0,323
GP,F,17,3,no,4,3,2,3,5,5,1,324
GP,F,17,3,no,3,3,2,3,2,5,1,325
GP,M,18,3,no,3,3,2,2,3,4,0,326
GP,M,17,1,no,3,5,3,5,5,8,1,327
GP,M,17,1,no,4,5,5,5,4,10,1,328
GP,F,17,3,no,4,4,1,3,4,4,0,329
GP,F,17,3,yes,3,3,1,2,4,3,0,330
GP,M,18,4,no,5,5,2,4,5,6,1,331
GP,F,17,3,yes,4,3,1,1,5,2,0,332
GP,F,18,2,no,3,4,1,1,4,2,0,333
GP,F,18,2,yes,3,3,1,1,2,2,0,334
GP,F,18,4,no,4,4,1,1,4,2,0,335
GP,F,17,3,no,4,5,1,3,5,4,0,336
GP,F,19,3,no,4,3,1,2,5,3,0,337
GP,F,17,2,yes,3,2,2,3,2,5,1,338
GP,F,18,4,no,3,3,1,1,1,2,0,339
GP,F,17,2,no,3,3,2,3,2,5,1,340
GP,F,19,3,yes,3,4,1,3,3,4,0,341
GP,M,18,2,no,3,3,2,2,2,4,0,342
GP,M,18,2,yes,3,3,1,3,5,4,0,343
GP,F,17,2,yes,3,1,1,2,4,3,0,344
GP,F,18,3,no,3,3,1,2,3,3,0,345
GP,F,18,3,yes,4,3,2,3,1,5,1,346
GP,M,18,3,yes,3,2,1,2,4,3,0,347
GP,M,18,3,yes,4,5,2,3,5,5,1,348
GP,F,17,3,yes,4,3,1,3,4,4,0,349
MS,M,18,1,no,5,5,5,5,5,10,1,350
MS,M,19,2,no,4,4,3,3,2,6,1,351
MS,M,17,2,no,5,4,2,3,3,5,1,352
MS,M,18,1,yes,3,3,2,3,3,5,1,353
MS,M,19,1,no,4,4,3,3,5,6,1,354
MS,M,17,2,yes,5,5,1,3,2,4,0,355
MS,F,18,2,yes,3,4,1,1,5,2,0,356
MS,F,17,2,no,3,3,1,2,5,3,0,357
MS,F,17,2,yes,2,3,1,2,5,3,0,358
MS,M,18,1,yes,3,2,1,2,3,3,0,359
MS,F,18,3,no,3,2,1,1,4,2,0,360
MS,F,18,2,yes,3,4,1,4,5,5,1,361
MS,M,18,2,no,4,3,2,3,5,5,1,362
MS,F,18,2,yes,3,2,1,3,3,4,0,363
MS,F,17,2,yes,3,4,1,1,1,2,0,364
MS,F,17,2,no,2,2,1,2,3,3,0,365
MS,M,18,2,no,3,4,2,4,3,6,1,366
MS,M,18,3,yes,2,2,2,2,5,4,0,367
MS,F,17,1,yes,2,1,1,2,1,3,0,368
MS,F,18,1,yes,2,3,1,2,4,3,0,369
MS,F,18,2,yes,2,2,4,2,5,6,1,370
MS,F,19,2,yes,2,2,1,1,3,2,0,371
MS,M,18,1,yes,3,3,2,3,3,5,1,372
MS,F,17,3,yes,4,3,1,1,3,2,0,373
MS,F,17,1,no,5,5,1,3,1,4,0,374
MS,F,18,3,no,4,4,1,1,1,2,0,375
MS,F,18,3,no,3,2,1,2,4,3,0,376
MS,F,20,3,yes,4,3,1,1,3,2,0,377
MS,F,18,2,no,4,3,3,4,2,7,1,378
MS,F,18,2,yes,1,3,1,2,1,3,0,379
MS,F,17,2,no,5,4,2,3,1,5,1,380
MS,M,18,2,no,2,4,1,4,2,5,1,381
MS,M,18,1,yes,4,3,1,3,5,4,0,382
MS,M,17,2,no,4,3,1,1,3,2,0,383
MS,M,19,1,no,3,2,1,3,5,4,0,384
MS,M,18,1,no,4,3,4,3,3,7,1,385
MS,F,18,3,no,3,3,1,3,4,4,0,386
MS,F,18,1,yes,4,3,2,2,5,4,0,387
MS,F,19,3,no,4,2,1,2,5,3,0,388
MS,F,18,2,no,3,4,1,1,1,2,0,389
MS,F,18,2,no,1,1,1,1,5,2,0,390
MS,M,20,2,no,5,4,4,5,4,9,1,391
MS,M,17,1,no,4,5,3,4,2,7,1,392
MS,M,21,1,no,5,3,3,3,3,6,1,393
MS,M,18,1,no,4,1,3,4,5,7,1,394
MS,M,19,1,no,2,3,3,3,5,6,1,395
GP,F,18,2,no,3,4,1,1,3,2,0,396
GP,F,17,2,no,3,3,1,1,3,2,0,397
GP,F,15,2,no,3,2,2,3,3,5,1,398
GP,F,15,3,yes,2,2,1,1,5,2,0,399
GP,F,16,2,no,3,2,1,2,5,3,0,400
GP,M,16,2,no,4,2,1,2,5,3,0,401
GP,M,16,2,no,4,4,1,1,3,2,0,402
GP,F,17,2,no,1,4,1,1,1,2,0,403
GP,M,15,2,no,2,2,1,1,1,2,0,404
GP,M,15,2,no,5,1,1,1,5,2,0,405
GP,F,15,2,no,3,3,1,2,2,3,0,406
GP,F,15,3,no,2,2,1,1,4,2,0,407
GP,M,15,1,no,3,3,1,3,5,4,0,408
GP,M,15,2,no,4,3,1,2,3,3,0,409
GP,M,15,3,yes,5,2,1,1,3,2,0,410
GP,F,16,1,no,4,4,1,2,2,3,0,411
GP,F,16,3,no,2,3,1,2,2,3,0,412
GP,F,16,2,no,3,2,1,1,4,2,0,413
GP,M,17,1,no,5,5,2,4,5,6,1,414
GP,M,16,1,no,1,3,1,3,5,4,0,415
GP,M,15,2,no,4,1,1,1,1,2,0,416
GP,M,15,1,no,4,2,1,1,5,2,0,417
GP,M,16,2,no,5,1,1,3,5,4,0,418
GP,M,16,2,no,4,4,2,4,5,6,1,419
GP,F,15,3,no,3,2,1,1,5,2,0,420
GP,F,16,1,no,2,2,1,3,5,4,0,421
GP,M,15,1,no,2,2,1,2,5,3,0,422
GP,M,15,1,no,2,4,2,4,1,6,1,423
GP,M,16,2,no,3,3,1,1,5,2,0,424
GP,M,16,2,yes,4,5,5,5,5,10,1,425
GP,M,15,2,no,4,2,3,4,5,7,1,426
GP,M,15,2,no,3,1,1,1,5,2,0,427
GP,M,15,2,yes,5,2,1,1,5,2,0,428
GP,M,15,2,no,3,2,1,1,2,2,0,429
GP,M,16,1,no,4,3,1,1,5,2,0,430
GP,F,15,1,no,5,1,1,1,5,2,0,431
GP,M,15,3,no,4,3,1,1,4,2,0,432
GP,M,16,3,yes,4,3,1,1,5,2,0,433
GP,F,15,3,no,3,2,1,1,5,2,0,434
GP,F,15,1,no,3,1,1,1,2,2,0,435
GP,F,16,2,yes,3,3,1,2,3,3,0,436
GP,M,15,1,yes,4,3,2,4,5,6,1,437
GP,M,15,2,no,3,3,1,1,5,2,0,438
GP,M,15,1,no,4,1,1,1,1,2,0,439
GP,F,16,2,no,3,3,2,2,5,4,0,440
GP,F,15,2,yes,2,2,1,1,5,2,0,441
GP,F,16,2,no,3,5,1,4,3,5,1,442
GP,M,16,4,no,2,2,1,1,2,2,0,443
GP,M,15,2,no,3,3,2,2,5,4,0,444
GP,F,15,2,no,4,4,1,1,3,2,0,445
GP,F,16,2,no,3,3,2,3,4,5,1,446
GP,F,15,2,no,3,3,1,1,5,2,0,447
GP,M,15,1,no,5,5,3,4,5,7,1,448
GP,F,15,1,no,3,4,2,3,5,5,1,449
GP,F,15,1,no,3,4,4,4,1,8,1,450
GP,F,16,2,yes,3,4,1,1,2,2,0,451
GP,F,15,2,no,3,2,1,1,1,2,0,452
GP,M,15,2,no,2,2,1,1,5,2,0,453
GP,M,15,2,no,3,2,1,1,5,2,0,454
GP,F,16,2,no,2,3,1,1,5,2,0,455
GP,F,16,2,no,4,4,2,3,4,5,1,456
GP,F,16,1,yes,5,5,5,5,5,10,1,457
GP,F,16,2,no,4,3,1,1,1,2,0,458
GP,F,16,3,no,4,4,2,4,4,6,1,459
GP,F,15,2,yes,4,4,2,4,2,6,1,460
GP,F,16,2,no,4,3,1,2,1,3,0,461
GP,M,15,4,yes,3,3,5,5,3,10,1,462
GP,F,16,4,no,3,3,1,2,5,3,0,463
GP,F,15,2,no,1,3,1,3,4,4,0,464
GP,F,15,4,no,4,2,2,3,3,5,1,465
GP,M,16,4,no,3,2,1,1,5,2,0,466
GP,M,15,4,no,3,3,1,1,3,2,0,467
GP,F,15,2,yes,3,4,2,4,5,6,1,468
GP,M,16,1,no,3,2,2,2,5,4,0,469
GP,F,16,2,no,3,3,2,4,5,6,1,470
GP,M,15,2,no,3,3,2,3,5,5,1,471
GP,M,15,4,no,4,3,1,1,1,2,0,472
GP,F,16,4,yes,2,3,1,3,3,4,0,473
GP,M,17,1,no,5,1,1,1,3,2,0,474
GP,F,16,2,no,4,3,1,2,3,3,0,475
GP,M,15,1,yes,2,2,1,3,3,4,0,476
GP,M,15,3,no,3,2,1,2,5,3,0,477
GP,F,15,2,no,4,4,1,1,5,2,0,478
GP,M,15,2,no,3,3,1,3,4,4,0,479
GP,F,15,2,no,3,2,2,3,4,5,1,480
GP,F,15,2,yes,4,4,2,3,5,5,1,481
GP,F,16,2,no,3,4,1,2,2,3,0,482
GP,F,15,3,no,3,3,1,3,1,4,0,483
GP,M,16,2,no,4,2,1,1,3,2,0,484
GP,M,16,2,no,1,3,3,5,5,8,1,485
GP,F,16,3,yes,3,3,1,3,4,4,0,486
GP,F,15,1,no,5,5,1,3,1,4,0,487
GP,F,16,2,no,3,3,2,3,2,5,1,488
GP,F,16,2,no,3,3,1,1,1,2,0,489
GP,M,15,4,no,3,4,1,1,4,2,0,490
GP,F,15,4,no,1,2,1,1,1,2,0,491
GP,M,16,1,no,3,3,1,1,4,2,0,492
GP,F,16,2,yes,3,5,1,1,5,2,0,493
GP,F,16,1,no,3,4,1,2,1,3,0,494
GP,F,16,3,no,3,5,1,1,3,2,0,495
GP,M,16,1,no,5,5,5,5,4,10,1,496
GP,M,16,3,yes,4,3,1,1,4,2,0,497
GP,M,15,1,no,3,3,1,1,5,2,0,498
GP,F,15,2,no,3,5,1,1,2,2,0,499
GP,M,15,2,no,4,4,1,1,1,2,0,500
GP,F,15,4,no,3,3,1,1,4,2,0,501
GP,F,15,4,no,1,2,1,1,3,2,0,502
GP,M,16,3,no,3,3,1,1,5,2,0,503
GP,M,15,4,yes,3,5,3,5,1,8,1,504
GP,F,16,3,yes,4,5,1,1,4,2,0,505
GP,M,15,1,no,5,3,1,1,4,2,0,506
GP,F,16,3,no,1,2,1,1,2,2,0,507
GP,F,16,2,no,1,2,1,1,5,2,0,508
GP,M,15,1,no,5,2,1,1,3,2,0,509
GP,M,15,2,yes,4,2,1,1,5,2,0,510
GP,M,16,2,no,4,4,1,2,5,3,0,511
GP,M,15,2,no,4,3,1,1,2,2,0,512
GP,M,16,1,no,4,2,1,1,5,2,0,513
GP,M,17,2,no,2,4,1,4,5,5,1,514
GP,M,15,1,no,4,3,1,2,4,3,0,515
GP,F,15,2,no,2,3,1,2,1,3,0,516
GP,M,15,4,no,5,4,1,2,5,3,0,517
GP,F,16,2,yes,2,2,1,2,5,3,0,518
GP,M,16,1,no,4,4,1,4,5,5,1,519
GP,F,16,2,yes,4,4,1,1,5,2,0,520
GP,M,15,1,no,5,5,3,2,5,5,1,521
GP,F,15,2,yes,3,2,1,1,1,2,0,522
GP,F,19,2,no,4,2,1,1,5,2,0,523
GP,M,16,1,no,5,5,2,5,4,7,1,524
GP,M,16,3,yes,2,3,2,2,1,4,0,525
GP,F,15,3,yes,2,2,2,2,5,4,0,526
GP,F,18,2,yes,4,5,1,3,5,4,0,527
GP,F,17,1,no,2,2,1,2,5,3,0,528
GP,F,15,1,yes,3,3,1,2,4,3,0,529
GP,F,17,1,yes,4,4,1,3,5,4,0,530
GP,F,16,1,no,2,1,1,4,5,5,1,531
GP,M,16,1,no,2,1,1,1,2,2,0,532
GP,F,16,1,no,3,4,1,1,5,2,0,533
GP,M,15,2,yes,3,3,1,1,5,2,0,534
GP,F,15,3,yes,3,3,1,1,5,2,0,535
GP,M,17,2,no,4,5,2,4,5,6,1,536
GP,F,16,2,no,1,3,1,1,3,2,0,537
GP,M,18,1,yes,3,4,4,5,4,9,1,538
GP,F,18,3,yes,3,3,5,1,5,6,1,539
GP,F,16,1,yes,3,3,1,2,1,3,0,540
GP,F,16,1,yes,3,2,1,1,5,2,0,541
GP,M,16,2,yes,4,4,1,3,5,4,0,542
GP,F,15,1,no,3,2,1,1,5,2,0,543
GP,F,15,1,yes,5,5,1,1,1,2,0,544
GP,M,15,4,no,2,2,1,1,3,2,0,545
GP,F,15,2,yes,3,2,2,3,1,5,1,546
GP,M,16,3,no,3,3,1,3,5,4,0,547
GP,M,16,1,no,3,3,2,2,2,4,0,548
GP,F,15,3,no,2,2,1,1,5,2,0,549
GP,F,16,1,no,4,4,3,3,1,6,1,550
GP,M,17,1,no,4,5,1,2,5,3,0,551
GP,F,15,2,no,4,2,1,2,5,3,0,552
GP,F,15,1,yes,4,2,1,1,5,2,0,553
GP,F,15,2,no,3,2,1,1,3,2,0,554
GP,F,15,2,no,3,2,1,1,5,2,0,555
GP,F,15,2,yes,3,4,2,4,1,6,1,556
GP,M,16,1,yes,3,2,2,1,5,3,0,557
GP,M,15,1,no,5,5,2,5,5,7,1,558
GP,M,18,1,yes,3,5,2,5,4,7,1,559
GP,M,16,1,yes,4,4,3,5,5,8,1,560
GP,F,15,3,yes,2,1,2,3,3,5,1,561
GP,M,19,1,yes,5,4,1,1,4,2,0,562
GP,F,17,1,yes,2,1,1,1,4,2,0,563
GP,M,15,2,no,4,4,1,1,1,2,0,564
GP,M,17,1,no,2,2,3,3,5,6,1,565
GP,F,18,1,no,2,5,1,5,4,6,1,566
GP,M,16,1,no,2,2,1,2,3,3,0,567
GP,M,16,2,yes,5,5,4,4,5,8,1,568
GP,M,16,1,no,4,5,3,5,5,8,1,569
GP,M,17,1,yes,3,2,2,2,5,4,0,570
GP,M,17,2,yes,4,4,1,4,3,5,1,571
GP,M,15,1,no,4,4,2,4,5,6,1,572
GP,M,16,1,no,3,3,1,4,2,5,1,573
GP,M,17,2,yes,3,5,1,5,5,6,1,574
GP,M,17,1,no,5,2,1,1,2,2,0,575
GP,M,16,2,no,3,5,2,4,4,6,1,576
GP,F,16,2,yes,2,3,1,1,3,2,0,577
GP,F,16,2,no,1,5,1,1,4,2,0,578
GP,F,16,2,yes,4,2,1,1,3,2,0,579
GP,M,16,1,no,4,5,2,4,2,6,1,580
GP,M,16,2,yes,3,2,1,1,3,2,0,581
GP,M,17,2,no,4,4,1,3,5,4,0,582
GP,F,16,2,yes,3,5,1,1,3,2,0,583
GP,F,16,2,no,4,5,1,1,4,2,0,584
GP,M,17,2,no,4,4,4,4,4,8,1,585
GP,F,16,2,no,4,4,1,4,5,5,1,586
GP,M,17,2,no,3,4,1,4,4,5,1,587
GP,M,16,1,yes,3,3,3,4,3,7,1,588
GP,M,17,2,yes,2,3,1,1,2,2,0,589
GP,M,16,2,no,4,3,2,3,3,5,1,590
GP,M,16,2,yes,2,3,1,2,3,3,0,591
GP,F,17,2,no,4,2,2,3,5,5,1,592
GP,F,17,2,yes,3,3,2,3,1,5,1,593
GP,F,16,2,no,2,2,1,2,1,3,0,594
GP,M,17,2,yes,3,4,2,3,4,5,1,595
GP,M,16,1,yes,3,3,1,2,3,3,0,596
GP,M,16,2,yes,2,3,1,2,5,3,0,597
GP,F,17,2,yes,3,3,1,3,3,4,0,598
GP,M,17,2,no,1,3,1,5,3,6,1,599
GP,F,16,2,no,3,3,1,1,2,2,0,600
GP,F,17,2,no,3,3,1,1,3,2,0,601
GP,M,17,2,no,4,4,4,5,5,9,1,602
GP,M,16,1,no,3,2,3,4,5,7,1,603
GP,M,16,1,no,3,3,1,1,3,2,0,604
GP,F,17,2,yes,3,2,1,1,5,2,0,605
GP,M,17,1,no,2,3,1,2,5,3,0,606
GP,M,16,1,no,3,4,3,5,3,8,1,607
GP,F,17,1,no,2,4,2,3,2,5,1,608
GP,F,16,2,no,5,2,1,2,3,3,0,609
GP,F,16,2,no,3,5,1,5,2,6,1,610
GP,F,16,2,no,4,3,1,3,4,4,0,611
GP,F,17,2,no,4,4,1,3,1,4,0,612
GP,F,17,1,no,3,2,1,2,3,3,0,613
GP,F,16,4,no,3,5,1,1,5,2,0,614
GP,F,17,3,yes,4,3,3,4,5,7,1,615
GP,F,16,2,no,3,3,2,2,4,4,0,616
GP,F,16,2,yes,3,2,1,1,1,2,0,617
GP,F,16,1,no,3,2,1,4,5,5,1,618
GP,F,17,3,yes,4,2,1,1,4,2,0,619
GP,F,19,4,no,3,3,1,2,3,3,0,620
GP,M,17,2,yes,3,5,4,5,3,9,1,621
GP,F,16,2,no,3,4,1,1,4,2,0,622
GP,M,18,2,no,4,4,2,4,5,6,1,623
GP,F,17,1,no,2,1,1,2,3,3,0,624
GP,F,17,2,no,4,4,1,3,1,4,0,625
GP,F,17,2,yes,4,5,2,4,1,6,1,626
GP,M,18,2,no,2,4,2,4,4,6,1,627
GP,F,17,1,no,3,3,1,4,3,5,1,628
GP,F,17,3,no,3,3,1,1,4,2,0,629
GP,F,17,2,no,2,5,1,2,5,3,0,630
GP,F,17,3,yes,3,4,1,1,5,2,0,631
GP,F,16,2,no,3,1,1,1,3,2,0,632
GP,M,18,2,no,3,3,5,5,4,10,1,633
GP,F,16,3,no,3,2,1,1,5,2,0,634
GP,F,18,2,yes,3,3,1,1,4,2,0,635
GP,F,17,2,no,3,4,1,3,3,4,0,636
GP,M,17,2,no,3,3,1,3,3,4,0,637
GP,M,18,2,yes,3,2,4,5,3,9,1,638
GP,F,17,3,yes,2,3,1,2,3,3,0,639
GP,F,17,2,yes,2,3,1,2,3,3,0,640
GP,M,17,2,no,5,2,1,1,1,2,0,641
GP,M,17,2,yes,5,5,1,3,2,4,0,642
GP,M,16,2,no,2,4,2,4,1,6,1,643
GP,M,16,2,no,4,2,1,1,5,2,0,644
GP,M,16,3,yes,3,3,1,3,2,4,0,645
GP,M,17,2,yes,4,2,5,5,4,10,1,646
GP,F,16,1,yes,5,2,1,1,5,2,0,647
GP,F,16,2,yes,3,3,1,2,5,3,0,648
GP,F,18,2,no,3,3,1,1,3,2,0,649
GP,F,18,2,yes,3,1,1,1,5,2,0,650
GP,F,18,1,no,1,1,1,1,3,2,0,651
GP,M,18,1,yes,4,3,2,2,1,4,0,652
GP,M,17,1,no,2,1,1,2,5,3,0,653
GP,F,17,2,no,4,2,1,1,3,2,0,654
GP,F,17,3,yes,3,2,1,2,4,3,0,655
GP,F,16,1,no,3,5,1,2,5,3,0,656
GP,F,17,2,no,1,1,1,1,3,2,0,657
GP,F,17,1,no,5,4,1,1,5,2,0,658
GP,M,18,2,no,5,4,3,5,2,8,1,659
GP,F,17,1,no,1,2,1,1,1,2,0,660
GP,F,17,3,no,3,3,1,3,5,4,0,661
GP,F,17,2,no,3,2,1,1,4,2,0,662
GP,M,17,2,yes,5,5,1,4,5,5,1,663
GP,M,17,2,no,3,3,2,3,4,5,1,664
GP,M,16,1,no,4,5,1,1,3,2,0,665
GP,M,16,1,no,3,2,1,2,5,3,0,666
GP,F,17,2,yes,3,1,1,4,5,5,1,667
GP,M,17,3,yes,3,3,1,1,1,2,0,668
GP,F,17,3,yes,2,2,2,3,5,5,1,669
GP,F,17,2,yes,3,2,1,1,4,2,0,670
GP,F,18,3,yes,4,4,1,1,3,2,0,671
GP,M,16,1,no,3,3,1,1,4,2,0,672
GP,F,17,2,no,3,4,1,2,5,3,0,673
GP,M,17,1,no,2,2,1,1,2,2,0,674
GP,M,22,1,yes,4,5,5,5,1,10,1,675
GP,M,18,2,yes,3,3,1,3,5,4,0,676
GP,M,16,1,no,3,2,2,4,5,6,1,677
GP,M,18,1,no,4,5,2,4,5,6,1,678
GP,M,16,2,no,3,3,1,3,2,4,0,679
GP,M,18,1,no,2,5,2,5,5,7,1,680
GP,M,16,1,no,3,2,1,3,3,4,0,681
GP,M,17,1,no,4,2,2,4,5,6,1,682
GP,M,17,1,no,4,4,1,2,5,3,0,683
GP,F,18,2,yes,3,4,1,3,5,4,0,684
GP,F,17,4,no,2,3,1,1,4,2,0,685
GP,F,19,2,no,3,3,1,1,5,2,0,686
GP,M,18,2,no,4,5,4,4,5,8,1,687
GP,F,17,3,no,3,4,1,3,5,4,0,688
GP,F,18,3,no,4,3,2,3,3,5,1,689
GP,F,18,2,no,2,3,1,1,5,2,0,690
GP,M,19,2,no,3,1,1,1,1,2,0,691
GP,M,18,2,no,2,4,1,2,4,3,0,692
GP,M,17,1,no,2,2,1,1,4,2,0,693
GP,F,17,4,yes,4,1,1,1,2,2,0,694
GP,F,20,2,yes,2,3,1,2,2,3,0,695
GP,F,18,2,yes,1,2,1,3,2,4,0,696
GP,M,18,2,no,3,2,1,1,3,2,0,697
GP,M,18,3,no,3,2,1,1,3,2,0,698
GP,F,17,3,no,2,3,1,1,4,2,0,699
GP,F,18,3,yes,3,3,1,1,3,2,0,700
GP,M,17,1,no,4,4,2,3,4,5,1,701
GP,M,18,2,no,2,5,3,4,1,7,1,702
GP,M,17,2,yes,4,4,3,4,5,7,1,703
GP,F,18,2,no,3,4,2,2,4,4,0,704
GP,M,18,2,yes,4,5,1,3,5,4,0,705
GP,F,18,2,yes,3,5,1,2,3,3,0,706
GP,F,19,2,no,3,5,3,3,5,6,1,707
GP,F,18,4,yes,5,5,1,3,2,4,0,708
GP,F,18,2,no,4,3,1,1,3,2,0,709
GP,M,17,2,yes,5,2,2,2,1,4,0,710
GP,F,18,2,yes,2,5,1,2,1,3,0,711
GP,F,17,2,yes,3,3,1,1,1,2,0,712
GP,F,17,2,yes,4,4,2,3,5,5,1,713
GP,F,18,2,yes,1,1,1,1,5,2,0,714
GP,M,18,1,no,2,4,1,4,3,5,1,715
GP,F,18,2,yes,4,4,1,1,4,2,0,716
GP,F,17,3,yes,2,3,1,1,1,2,0,717
GP,F,19,2,no,3,3,4,3,3,7,1,718
GP,M,18,1,no,2,3,1,2,1,3,0,719
GP,M,18,1,no,4,4,2,4,4,6,1,720
GP,M,17,1,yes,5,4,2,4,5,6,1,721
GP,M,17,1,no,4,4,3,4,3,7,1,722
GP,F,18,4,no,2,2,1,1,3,2,0,723
GP,F,18,2,no,4,4,1,1,4,2,0,724
GP,F,17,2,no,4,5,1,2,5,3,0,725
GP,F,18,2,yes,3,1,1,1,5,2,0,726
GP,M,17,2,no,3,3,1,2,4,3,0,727
GP,F,18,3,no,3,3,1,2,2,3,0,728
GP,F,17,3,no,3,3,1,1,3,2,0,729
GP,M,18,3,no,2,4,1,3,2,4,0,730
GP,M,18,2,no,4,3,1,1,2,2,0,731
GP,M,18,2,yes,3,2,1,4,5,5,1,732
GP,F,17,3,no,2,2,1,2,3,3,0,733
GP,F,17,4,no,1,2,1,1,3,2,0,734
GP,M,18,3,no,4,2,1,1,4,2,0,735
GP,M,17,1,no,4,3,1,3,5,4,0,736
GP,F,19,2,no,3,4,2,3,2,5,1,737
GP,F,18,2,yes,4,5,1,2,2,3,0,738
GP,F,18,4,no,3,3,1,1,3,2,0,739
GP,M,18,1,yes,4,2,2,2,1,4,0,740
GP,F,18,2,yes,2,4,1,1,4,2,0,741
GP,M,17,1,no,1,1,2,2,5,4,0,742
GP,F,17,3,no,3,4,1,1,5,2,0,743
GP,F,17,3,no,3,3,1,1,3,2,0,744
GP,F,17,4,no,2,2,1,2,5,3,0,745
GP,M,19,3,yes,3,1,1,1,5,2,0,746
GP,M,20,1,no,5,3,1,1,5,2,0,747
GP,M,19,2,yes,5,3,1,2,5,3,0,748
GP,F,18,2,yes,4,4,1,2,5,3,0,749
GP,F,18,2,no,3,3,1,2,1,3,0,750
GP,F,17,2,yes,2,1,1,1,3,2,0,751
GP,F,17,1,no,4,4,1,1,5,2,0,752
GP,F,18,3,yes,3,4,1,1,5,2,0,753
GP,F,18,1,no,2,4,1,4,1,5,1,754
GP,F,17,3,no,3,4,2,5,5,7,1,755
GP,F,18,2,no,1,4,1,1,3,2,0,756
GP,M,19,2,yes,4,4,1,1,1,2,0,757
GP,F,18,2,no,4,4,3,3,5,6,1,758
GP,F,18,1,yes,4,4,1,1,1,2,0,759
GP,F,17,1,no,3,4,1,2,5,3,0,760
GP,F,17,2,yes,2,2,1,2,5,3,0,761
GP,F,17,2,no,3,3,1,1,5,2,0,762
GP,F,17,2,no,2,3,2,2,2,4,0,763
GP,M,18,1,no,2,5,3,4,5,7,1,764
GP,F,19,3,yes,5,5,4,3,5,7,1,765
GP,F,19,2,yes,3,4,1,1,4,2,0,766
GP,F,18,1,yes,3,5,2,4,5,6,1,767
GP,F,17,2,yes,2,2,1,1,3,2,0,768
GP,F,17,3,no,3,2,2,2,3,4,0,769
GP,F,17,3,no,4,3,2,3,5,5,1,770
GP,F,17,3,no,3,3,2,3,2,5,1,771
GP,F,18,3,no,5,5,1,2,2,3,0,772
GP,M,18,3,no,3,3,2,2,3,4,0,773
GP,M,17,1,no,3,5,3,5,5,8,1,774
GP,M,17,1,no,4,5,5,5,4,10,1,775
GP,F,17,3,no,4,4,1,3,4,4,0,776
GP,F,17,3,yes,3,3,1,2,4,3,0,777
GP,F,17,1,no,2,5,2,5,5,7,1,778
GP,M,18,4,no,5,5,2,4,5,6,1,779
GP,M,19,1,yes,3,4,2,2,5,4,0,780
GP,F,18,2,yes,2,5,1,1,2,2,0,781
GP,F,17,3,yes,4,3,1,1,5,2,0,782
GP,M,18,1,no,4,2,1,2,5,3,0,783
GP,F,18,2,no,3,4,1,1,4,2,0,784
GP,F,18,2,yes,3,3,1,1,2,2,0,785
GP,F,18,4,no,4,4,1,1,4,2,0,786
GP,F,17,3,no,4,5,1,3,5,4,0,787
GP,F,17,2,yes,3,2,2,3,2,5,1,788
GP,F,18,4,no,3,3,1,1,1,2,0,789
GP,F,17,2,no,3,3,2,3,2,5,1,790
GP,M,18,2,no,3,3,2,2,2,4,0,791
GP,M,18,2,yes,3,3,1,3,5,4,0,792
GP,F,17,2,yes,3,1,1,2,4,3,0,793
GP,F,18,3,no,3,3,1,2,3,3,0,794
GP,F,18,3,yes,4,3,2,3,1,5,1,795
GP,M,18,3,yes,3,2,1,2,4,3,0,796
GP,M,18,3,yes,4,5,2,3,5,5,1,797
GP,F,17,3,yes,4,3,1,3,4,4,0,798
GP,F,17,2,yes,3,4,2,2,1,4,0,799
GP,F,17,2,no,3,5,2,4,4,6,1,800
GP,F,19,1,no,2,3,3,4,5,7,1,801
GP,F,17,1,yes,1,2,1,1,3,2,0,802
GP,F,21,3,no,3,2,1,1,5,2,0,803
GP,M,18,2,no,4,4,1,3,3,4,0,804
GP,M,18,2,yes,3,5,1,4,2,5,1,805
GP,F,17,2,no,3,4,1,3,4,4,0,806
GP,M,17,3,no,4,2,1,2,4,3,0,807
GP,F,18,2,no,2,2,1,1,3,2,0,808
GP,M,21,2,yes,3,3,5,2,4,7,1,809
GP,F,20,3,yes,2,2,1,3,3,4,0,810
GP,F,19,1,yes,2,5,4,4,5,8,1,811
GP,M,17,2,no,4,4,1,2,5,3,0,812
GP,F,18,3,yes,3,4,1,2,2,3,0,813
GP,M,18,1,no,1,3,4,5,4,9,1,814
GP,M,19,1,no,3,4,1,4,4,5,1,815
GP,F,18,2,no,1,4,1,3,4,4,0,816
GP,F,20,1,yes,3,1,1,1,5,2,0,817
GP,F,18,2,yes,1,2,1,2,1,3,0,818
MS,F,16,1,yes,3,3,1,3,5,4,0,819
MS,F,16,2,no,4,4,1,1,5,2,0,820
MS,F,15,1,yes,1,3,1,1,2,2,0,821
MS,F,15,1,no,4,4,2,3,5,5,1,822
MS,F,16,2,no,5,2,1,2,5,3,0,823
MS,F,15,1,no,3,4,1,1,1,2,0,824
MS,M,16,2,no,3,2,1,3,2,4,0,825
MS,M,16,3,no,4,3,1,1,5,2,0,826
MS,F,17,2,yes,5,4,1,2,5,3,0,827
MS,F,17,1,no,4,4,2,2,5,4,0,828
MS,F,15,1,yes,5,1,3,5,5,8,1,829
MS,F,16,4,yes,2,1,1,1,1,2,0,830
MS,F,15,2,no,4,3,1,2,4,3,0,831
MS,F,15,1,yes,4,3,1,2,2,3,0,832
MS,F,16,1,no,2,3,1,2,2,3,0,833
MS,F,17,1,no,5,5,1,3,3,4,0,834
MS,F,15,1,no,1,3,1,1,4,2,0,835
MS,M,16,2,yes,4,5,4,5,3,9,1,836
MS,M,17,2,no,4,3,2,4,5,6,1,837
MS,M,15,2,no,3,4,1,2,2,3,0,838
MS,M,15,2,no,3,4,1,2,2,3,0,839
MS,M,16,2,no,4,5,1,2,5,3,0,840
MS,M,15,2,yes,4,5,2,4,4,6,1,841
MS,M,15,2,no,3,3,1,1,5,2,0,842
MS,M,17,1,yes,5,5,5,5,3,10,1,843
MS,F,16,3,yes,2,2,1,1,4,2,0,844
MS,F,15,1,no,1,2,1,1,1,2,0,845
MS,F,16,2,no,5,4,1,2,1,3,0,846
MS,M,16,2,no,3,3,1,1,5,2,0,847
MS,F,16,2,no,4,5,1,1,4,2,0,848
MS,F,16,3,no,3,2,1,2,4,3,0,849
MS,F,16,3,no,3,2,1,2,4,3,0,850
MS,F,15,2,no,4,2,3,3,2,6,1,851
MS,F,16,2,yes,4,3,2,1,2,3,0,852
MS,M,17,1,no,5,5,5,5,3,10,1,853
MS,F,16,4,no,3,2,1,1,1,2,0,854
MS,F,16,3,no,4,3,1,1,5,2,0,855
MS,F,15,2,no,3,3,1,1,2,2,0,856
MS,F,16,1,yes,2,2,4,3,2,7,1,857
MS,F,15,2,no,2,1,1,2,2,3,0,858
MS,F,15,3,no,4,3,2,2,5,4,0,859
MS,M,16,1,no,4,4,3,4,5,7,1,860
MS,F,18,2,yes,4,4,2,3,5,5,1,861
MS,M,15,1,no,2,3,1,3,4,4,0,862
MS,F,16,2,no,3,4,1,1,2,2,0,863
MS,M,15,1,no,3,3,1,2,4,3,0,864
MS,M,16,2,yes,3,1,1,1,3,2,0,865
MS,F,15,2,yes,5,4,1,1,1,2,0,866
MS,F,16,2,no,4,4,2,3,5,5,1,867
MS,F,16,1,yes,3,2,1,1,4,2,0,868
MS,M,16,1,no,4,3,2,3,4,5,1,869
MS,M,15,1,no,2,4,3,5,3,8,1,870
MS,F,15,3,no,3,2,1,1,4,2,0,871
MS,F,16,1,yes,4,3,1,1,5,2,0,872
MS,M,15,1,no,3,3,2,4,3,6,1,873
MS,F,16,2,no,4,3,1,1,1,2,0,874
MS,F,17,1,no,5,3,1,1,5,2,0,875
MS,F,19,1,yes,4,4,1,1,2,2,0,876
MS,F,17,1,yes,5,3,1,1,3,2,0,877
MS,F,15,1,yes,2,1,1,3,4,4,0,878
MS,F,16,2,no,4,5,1,2,1,3,0,879
MS,F,16,1,no,3,4,1,2,1,3,0,880
MS,F,17,2,no,3,5,1,2,4,3,0,881
MS,F,16,1,no,4,3,1,4,3,5,1,882
MS,F,18,3,yes,3,2,1,1,2,2,0,883
MS,F,19,3,yes,3,1,1,1,3,2,0,884
MS,M,18,1,no,4,3,3,4,4,7,1,885
MS,F,18,1,yes,2,3,1,1,2,2,0,886
MS,F,19,2,yes,1,4,4,1,1,5,1,887
MS,F,16,2,yes,3,2,1,1,3,2,0,888
MS,F,17,1,no,4,4,3,5,5,8,1,889
MS,F,16,2,no,4,5,1,3,3,4,0,890
MS,F,16,1,yes,5,4,1,1,4,2,0,891
MS,F,16,1,yes,4,4,2,2,4,4,0,892
MS,M,17,4,no,4,5,3,4,5,7,1,893
MS,F,16,2,no,3,3,1,1,1,2,0,894
MS,F,16,1,yes,2,5,1,2,5,3,0,895
MS,M,17,1,yes,3,5,5,5,1,10,1,896
MS,M,16,1,no,2,5,1,5,5,6,1,897
MS,M,17,4,no,3,5,3,5,3,8,1,898
MS,F,16,4,no,2,1,1,1,5,2,0,899
MS,F,19,3,yes,4,5,1,1,1,2,0,900
MS,F,17,1,yes,4,5,1,2,5,3,0,901
MS,F,20,2,yes,3,4,2,4,3,6,1,902
MS,F,17,3,yes,3,3,1,1,3,2,0,903
MS,M,17,1,no,4,5,1,2,5,3,0,904
MS,F,16,2,no,3,2,1,1,1,2,0,905
MS,F,17,2,no,3,2,1,1,1,2,0,906
MS,F,17,2,yes,4,5,1,1,4,2,0,907
MS,F,18,2,yes,3,2,1,1,5,2,0,908
MS,F,16,1,no,1,3,1,3,1,4,0,909
MS,F,16,1,no,1,3,1,4,3,5,1,910
MS,F,18,2,no,3,5,1,4,3,5,1,911
MS,F,16,2,yes,3,3,2,3,2,5,1,912
MS,F,16,1,no,4,5,1,4,2,5,1,913
MS,F,18,2,no,3,2,1,3,1,4,0,914
MS,M,16,2,no,2,1,1,1,2,2,0,915
MS,F,16,2,no,3,2,1,3,5,4,0,916
MS,F,16,2,no,3,3,1,1,2,2,0,917
MS,F,16,2,yes,3,4,1,2,3,3,0,918
MS,M,18,4,yes,5,5,5,5,5,10,1,919
MS,F,16,2,no,2,1,1,1,2,2,0,920
MS,M,17,3,no,4,3,1,2,5,3,0,921
MS,F,17,1,yes,2,3,1,2,5,3,0,922
MS,M,16,3,no,1,3,2,2,3,4,0,923
MS,F,17,1,no,1,3,1,2,5,3,0,924
MS,F,16,1,no,1,3,1,2,5,3,0,925
MS,M,17,1,no,1,4,5,5,3,10,1,926
MS,M,17,2,yes,1,3,3,3,1,6,1,927
MS,M,16,2,yes,2,2,1,4,5,5,1,928
MS,F,16,2,yes,2,2,1,1,3,2,0,929
MS,M,16,1,no,1,2,2,5,5,7,1,930
MS,M,15,2,no,5,5,1,3,5,4,0,931
MS,M,15,4,no,4,5,2,3,5,5,1,932
MS,M,15,1,no,3,3,1,2,5,3,0,933
MS,F,16,3,yes,3,3,2,2,5,4,0,934
MS,F,16,2,no,2,4,2,2,1,4,0,935
MS,F,17,1,yes,3,3,2,2,1,4,0,936
MS,F,17,2,no,1,3,1,1,5,2,0,937
MS,F,16,3,yes,3,5,1,4,5,5,1,938
MS,M,17,1,yes,3,3,1,3,5,4,0,939
MS,M,17,1,yes,1,2,3,3,5,6,1,940
MS,M,17,2,yes,4,4,3,4,5,7,1,941
MS,F,17,2,no,2,5,1,1,5,2,0,942
MS,M,16,1,no,1,2,2,1,2,3,0,943
MS,F,17,2,yes,5,5,1,2,3,3,0,944
MS,F,17,2,no,3,3,2,3,5,5,1,945
MS,M,16,2,yes,1,2,2,2,5,4,0,946
MS,M,17,2,no,1,2,2,2,1,4,0,947
MS,M,19,2,no,4,3,3,4,4,7,1,948
MS,M,17,1,yes,1,2,1,1,5,2,0,949
MS,F,17,1,yes,5,5,2,2,4,4,0,950
MS,F,16,3,yes,3,4,1,1,3,2,0,951
MS,M,16,1,no,4,4,2,4,5,6,1,952
MS,F,17,2,yes,4,4,1,1,5,2,0,953
MS,M,17,1,yes,5,5,3,5,5,8,1,954
MS,M,18,1,no,3,2,1,1,4,2,0,955
MS,M,17,1,yes,5,5,1,3,2,4,0,956
MS,M,18,2,no,3,3,1,4,5,5,1,957
MS,F,16,2,yes,4,3,1,1,1,2,0,958
MS,M,17,1,yes,2,1,2,3,5,5,1,959
MS,M,16,1,no,5,5,2,3,5,5,1,960
MS,M,16,1,no,5,5,2,4,5,6,1,961
MS,M,18,1,yes,3,3,2,3,5,5,1,962
MS,M,18,1,no,3,1,2,2,5,4,0,963
MS,M,19,1,no,2,1,1,1,3,2,0,964
MS,M,18,2,no,4,5,1,3,3,4,0,965
MS,M,16,1,yes,4,3,2,4,4,6,1,966
MS,M,19,1,yes,4,3,1,3,5,4,0,967
MS,F,16,2,yes,5,5,1,1,1,2,0,968
MS,F,17,1,no,3,2,1,2,5,3,0,969
MS,M,20,1,yes,4,3,2,4,4,6,1,970
MS,F,18,1,no,4,4,3,4,2,7,1,971
MS,M,18,1,no,5,5,5,5,5,10,1,972
MS,M,19,2,no,4,4,3,3,2,6,1,973
MS,M,17,2,no,5,4,2,3,3,5,1,974
MS,M,18,1,yes,3,3,2,3,3,5,1,975
MS,M,19,1,no,4,4,3,3,5,6,1,976
MS,F,18,2,no,3,3,1,1,5,2,0,977
MS,F,19,1,no,4,4,1,1,5,2,0,978
MS,F,18,1,yes,5,5,1,1,3,2,0,979
MS,F,17,1,no,4,3,1,1,5,2,0,980
MS,F,17,3,no,2,3,2,2,3,4,0,981
MS,F,17,2,no,5,5,1,3,5,4,0,982
MS,F,18,2,no,3,3,1,2,4,3,0,983
MS,F,17,1,yes,2,2,1,1,5,2,0,984
MS,F,17,1,no,5,1,1,1,3,2,0,985
MS,F,18,2,yes,4,4,2,2,5,4,0,986
MS,F,18,2,no,3,5,1,1,1,2,0,987
MS,F,17,1,no,4,3,1,1,4,2,0,988
MS,F,18,2,no,4,3,1,2,4,3,0,989
MS,F,18,2,no,3,5,1,2,1,3,0,990
MS,M,18,1,no,4,5,1,1,5,2,0,991
MS,F,17,2,no,3,3,1,2,4,3,0,992
MS,F,18,2,yes,3,3,1,1,4,2,0,993
MS,M,18,1,no,1,4,5,5,1,10,1,994
MS,M,18,1,yes,5,5,1,1,1,2,0,995
MS,M,17,1,no,2,3,3,4,4,7,1,996
MS,F,18,2,yes,3,1,1,1,2,2,0,997
MS,F,18,3,yes,4,5,1,4,3,5,1,998
MS,F,18,2,yes,3,1,1,1,5,2,0,999
MS,F,18,2,no,4,2,1,2,2,3,0,1000
MS,F,19,1,no,5,5,2,3,2,5,1,1001
MS,F,17,4,yes,2,3,3,1,5,4,0,1002
MS,F,17,2,yes,3,3,1,2,2,3,0,1003
MS,F,18,2,yes,2,3,1,2,3,3,0,1004
MS,F,18,2,no,1,1,1,1,4,2,0,1005
MS,F,19,2,yes,5,4,1,4,1,5,1,1006
MS,F,18,3,yes,2,1,1,1,4,2,0,1007
MS,M,17,2,yes,5,5,1,3,2,4,0,1008
MS,F,18,2,yes,3,4,1,1,5,2,0,1009
MS,F,17,2,no,3,3,1,2,5,3,0,1010
MS,F,17,2,yes,2,3,1,2,5,3,0,1011
MS,M,18,1,yes,3,2,1,2,3,3,0,1012
MS,F,18,3,no,3,2,1,1,4,2,0,1013
MS,F,18,2,yes,3,4,1,4,5,5,1,1014
MS,F,18,2,yes,3,2,1,3,3,4,0,1015
MS,F,17,2,yes,3,4,1,1,1,2,0,1016
MS,F,17,2,no,2,2,1,2,3,3,0,1017
MS,M,18,2,no,3,4,2,4,3,6,1,1018
MS,M,18,3,yes,2,2,2,2,5,4,0,1019
MS,F,17,1,yes,2,1,1,2,1,3,0,1020
MS,F,18,1,yes,2,3,1,2,4,3,0,1021
MS,F,18,2,yes,2,2,4,2,5,6,1,1022
MS,M,18,1,yes,3,3,2,3,3,5,1,1023
MS,F,17,3,yes,4,3,1,1,3,2,0,1024
MS,F,17,1,no,5,5,1,3,1,4,0,1025
MS,F,18,3,no,4,4,1,1,1,2,0,1026
MS,F,18,3,no,3,2,1,2,4,3,0,1027
MS,F,19,2,yes,3,3,1,1,3,2,0,1028
MS,F,18,2,no,4,3,3,4,2,7,1,1029
MS,F,18,2,yes,1,3,1,2,1,3,0,1030
MS,F,17,2,no,5,4,2,3,1,5,1,1031
MS,M,18,2,no,2,4,1,4,2,5,1,1032
MS,M,18,1,yes,4,3,1,3,5,4,0,1033
MS,M,17,2,no,4,3,1,1,3,2,0,1034
MS,M,19,1,no,3,2,1,3,5,4,0,1035
MS,M,18,1,no,4,3,4,3,3,7,1,1036
MS,F,18,3,no,3,3,1,3,4,4,0,1037
MS,F,17,2,no,5,4,1,1,1,2,0,1038
MS,F,18,1,yes,4,3,2,2,5,4,0,1039
MS,F,19,3,no,4,2,1,2,5,3,0,1040
MS,F,18,2,no,3,4,1,1,1,2,0,1041
MS,F,18,2,no,1,1,1,1,5,2,0,1042
MS,M,17,1,no,4,5,3,4,2,7,1,1043
MS,M,18,1,no,4,1,3,4,5,7,1,1044
