school,gender,age,household size,study time,financial support,activities,internet,significant other,family relationship,free time,social activities,weekday drinker,weekend drinker,health,absences
GP,F,18,GT3,2,no,no,no,no,4,3,4,1,1,3,6
GP,F,17,GT3,2,yes,no,yes,no,5,3,3,1,1,3,4
GP,F,15,LE3,2,no,no,yes,no,4,3,2,2,3,3,10
GP,F,15,GT3,3,yes,yes,yes,yes,3,2,2,1,1,5,2
GP,F,16,GT3,2,yes,no,no,no,4,3,2,1,2,5,4
GP,M,16,LE3,2,yes,yes,yes,no,5,4,2,1,2,5,10
GP,M,16,LE3,2,no,no,yes,no,4,4,4,1,1,3,0
GP,F,17,GT3,2,yes,no,no,no,4,1,4,1,1,1,6
GP,M,15,LE3,2,yes,no,yes,no,4,2,2,1,1,1,0
GP,M,15,GT3,2,yes,yes,yes,no,5,5,1,1,1,5,0
GP,F,15,GT3,2,yes,no,yes,no,3,3,3,1,2,2,0
GP,F,15,GT3,3,yes,yes,yes,no,5,2,2,1,1,4,4
GP,M,15,LE3,1,yes,yes,yes,no,4,3,3,1,3,5,2
GP,M,15,GT3,2,yes,no,yes,no,5,4,3,1,2,3,2
GP,M,15,GT3,3,yes,no,yes,yes,4,5,2,1,1,3,0
GP,F,16,GT3,1,yes,no,yes,no,4,4,4,1,2,2,4
GP,F,16,GT3,3,yes,yes,yes,no,3,2,3,1,2,2,6
GP,F,16,GT3,2,yes,yes,no,no,5,3,2,1,1,4,4
GP,M,17,GT3,1,yes,yes,yes,no,5,5,5,2,4,5,16
GP,M,16,LE3,1,no,yes,yes,no,3,1,3,1,3,5,4
GP,M,15,GT3,2,no,no,yes,no,4,4,1,1,1,1,0
GP,M,15,GT3,1,yes,no,yes,no,5,4,2,1,1,5,0
GP,M,16,LE3,2,no,yes,yes,no,4,5,1,1,3,5,2
GP,M,16,LE3,2,yes,yes,yes,no,5,4,4,2,4,5,0
GP,F,15,GT3,3,yes,yes,yes,no,4,3,2,1,1,5,2
GP,F,16,GT3,1,yes,no,yes,no,1,2,2,1,3,5,14
GP,M,15,GT3,1,yes,no,yes,no,4,2,2,1,2,5,2
GP,M,15,GT3,1,no,no,yes,no,2,2,4,2,4,1,4
GP,M,16,LE3,2,yes,yes,yes,no,5,3,3,1,1,5,4
GP,M,16,GT3,2,yes,yes,yes,yes,4,4,5,5,5,5,16
GP,M,15,GT3,2,yes,no,yes,no,5,4,2,3,4,5,0
GP,M,15,GT3,2,yes,yes,yes,no,4,3,1,1,1,5,0
GP,M,15,GT3,2,yes,yes,yes,yes,4,5,2,1,1,5,0
GP,M,15,LE3,2,no,yes,yes,no,5,3,2,1,1,2,0
GP,M,16,GT3,1,yes,no,yes,no,5,4,3,1,1,5,0
GP,F,15,GT3,1,yes,yes,no,no,3,5,1,1,1,5,0
GP,M,15,LE3,3,yes,yes,yes,no,5,4,3,1,1,4,2
GP,M,16,GT3,3,yes,yes,yes,yes,2,4,3,1,1,5,7
GP,F,15,GT3,3,yes,yes,yes,no,4,3,2,1,1,5,2
GP,F,15,GT3,1,yes,yes,no,no,4,3,1,1,1,2,8
GP,F,16,LE3,2,yes,yes,yes,yes,3,3,3,1,2,3,25
GP,M,15,LE3,1,yes,no,yes,yes,5,4,3,2,4,5,8
GP,M,15,GT3,2,yes,yes,yes,no,4,3,3,1,1,5,2
GP,M,15,GT3,1,yes,no,yes,no,5,4,1,1,1,1,0
GP,F,16,LE3,2,no,yes,yes,no,4,3,3,2,2,5,14
GP,F,15,LE3,2,yes,yes,yes,yes,5,2,2,1,1,5,8
GP,F,16,LE3,2,yes,no,yes,no,2,3,5,1,4,3,12
GP,M,16,GT3,4,no,yes,yes,no,4,2,2,1,1,2,4
GP,M,15,GT3,2,yes,no,no,no,4,3,3,2,2,5,2
GP,F,15,GT3,2,yes,yes,yes,no,4,4,4,1,1,3,2
GP,F,16,LE3,2,yes,no,yes,no,4,3,3,2,3,4,2
GP,F,15,LE3,2,yes,no,yes,no,4,3,3,1,1,5,2
GP,M,15,LE3,1,no,no,no,no,5,5,5,3,4,5,6
GP,F,15,GT3,1,yes,no,yes,no,3,3,4,2,3,5,0
GP,F,15,LE3,1,no,no,yes,no,5,3,4,4,4,1,6
GP,F,16,GT3,2,no,yes,yes,yes,5,3,4,1,1,2,8
GP,F,15,GT3,2,yes,yes,yes,no,4,3,2,1,1,1,0
GP,M,15,GT3,2,yes,yes,no,no,3,2,2,1,1,5,4
GP,M,15,LE3,2,yes,yes,yes,no,4,3,2,1,1,5,2
GP,F,16,GT3,2,yes,no,yes,no,4,2,3,1,1,5,2
GP,F,16,GT3,2,yes,yes,no,no,2,4,4,2,3,4,6
GP,F,16,GT3,1,yes,yes,yes,yes,5,5,5,5,5,5,6
GP,F,16,LE3,2,no,yes,yes,no,4,4,3,1,1,1,4
GP,F,16,GT3,3,yes,yes,yes,no,3,4,4,2,4,4,2
GP,F,15,LE3,2,no,yes,yes,yes,4,4,4,2,4,2,0
GP,F,16,LE3,2,yes,yes,yes,no,5,4,3,1,2,1,2
GP,M,15,GT3,4,yes,yes,yes,yes,1,3,3,5,5,3,4
GP,F,16,GT3,4,yes,no,yes,no,4,3,3,1,2,5,4
GP,F,15,LE3,2,yes,no,yes,no,4,1,3,1,3,4,2
GP,F,15,LE3,4,yes,no,yes,no,4,4,2,2,3,3,12
GP,M,16,GT3,4,yes,no,yes,no,4,3,2,1,1,5,0
GP,M,15,GT3,4,no,no,yes,no,3,3,3,1,1,3,0
GP,F,15,GT3,2,yes,no,yes,yes,3,3,4,2,4,5,2
GP,M,16,GT3,1,no,yes,no,no,5,3,2,2,2,5,2
GP,F,16,GT3,2,yes,yes,yes,no,4,3,3,2,4,5,54
GP,M,15,GT3,2,yes,yes,yes,no,4,3,3,2,3,5,6
GP,M,15,GT3,4,no,yes,yes,no,3,4,3,1,1,1,8
GP,F,16,GT3,4,no,no,yes,yes,5,2,3,1,3,3,0
GP,M,17,GT3,1,yes,yes,yes,no,4,5,1,1,1,3,2
GP,F,16,GT3,2,yes,no,yes,no,2,4,3,1,2,3,12
GP,M,15,GT3,1,yes,yes,yes,yes,3,2,2,1,3,3,2
GP,M,15,GT3,3,no,no,yes,no,5,3,2,1,2,5,4
GP,F,15,LE3,2,yes,no,yes,no,4,4,4,1,1,5,10
GP,M,15,LE3,2,no,yes,yes,no,5,3,3,1,3,4,4
GP,F,15,GT3,2,yes,yes,yes,no,4,3,2,2,3,4,2
GP,F,15,GT3,2,no,no,yes,yes,4,4,4,2,3,5,6
GP,F,16,LE3,2,yes,no,no,no,4,3,4,1,2,2,4
GP,F,15,GT3,3,yes,yes,yes,no,5,3,3,1,3,1,4
GP,M,16,GT3,2,no,yes,yes,no,4,4,2,1,1,3,12
GP,M,16,LE3,2,yes,no,no,no,4,1,3,3,5,5,18
GP,F,16,GT3,3,yes,no,yes,yes,4,3,3,1,3,4,0
GP,F,15,GT3,1,no,yes,yes,no,4,5,5,1,3,1,4
GP,F,16,LE3,2,yes,no,no,no,3,3,3,2,3,2,4
GP,F,16,GT3,2,yes,yes,yes,no,5,3,3,1,1,1,0
GP,M,15,LE3,4,yes,yes,yes,no,4,3,4,1,1,4,6
GP,F,15,GT3,4,yes,yes,yes,no,3,1,2,1,1,1,2
GP,M,16,GT3,1,yes,yes,yes,no,3,3,3,1,1,4,2
GP,F,16,GT3,2,yes,no,no,yes,4,3,5,1,1,5,2
GP,F,16,GT3,1,no,yes,yes,no,5,3,4,1,2,1,6
GP,F,16,GT3,3,yes,no,yes,no,5,3,5,1,1,3,0
GP,M,16,GT3,1,yes,yes,yes,no,4,5,5,5,5,4,14
GP,M,16,GT3,3,yes,yes,yes,yes,4,4,3,1,1,4,0
GP,M,15,GT3,1,yes,yes,yes,no,5,3,3,1,1,5,4
GP,F,15,GT3,2,yes,no,yes,no,4,3,5,1,1,2,26
GP,M,15,GT3,2,yes,yes,yes,no,5,4,4,1,1,1,0
GP,F,15,GT3,4,no,no,no,no,4,3,3,1,1,4,10
GP,F,15,GT3,4,yes,no,yes,no,5,1,2,1,1,3,8
GP,M,16,GT3,3,yes,yes,yes,no,5,3,3,1,1,5,2
GP,M,15,GT3,4,yes,yes,yes,yes,1,3,5,3,5,1,6
GP,F,16,LE3,3,yes,yes,yes,yes,5,4,5,1,1,4,4
GP,M,15,LE3,1,no,yes,yes,no,5,5,3,1,1,4,6
GP,F,16,GT3,3,yes,yes,yes,no,4,1,2,1,1,2,0
GP,F,16,GT3,2,no,yes,yes,no,3,1,2,1,1,5,6
GP,M,15,LE3,1,no,no,yes,no,3,5,2,1,1,3,10
GP,M,15,GT3,2,no,yes,yes,yes,5,4,2,1,1,5,8
GP,M,16,GT3,2,yes,yes,yes,no,5,4,4,1,2,5,2
GP,M,15,GT3,2,yes,yes,no,no,4,4,3,1,1,2,2
GP,M,16,GT3,1,no,yes,yes,no,5,4,2,1,1,5,0
GP,M,17,GT3,2,yes,yes,yes,no,5,2,4,1,4,5,20
GP,M,15,GT3,1,no,no,yes,no,3,4,3,1,2,4,6
GP,F,15,GT3,2,no,no,yes,no,3,2,3,1,2,1,2
GP,M,15,GT3,4,yes,yes,yes,no,5,5,4,1,2,5,6
GP,F,16,LE3,2,yes,yes,yes,yes,4,2,2,1,2,5,2
GP,M,16,GT3,1,yes,yes,yes,no,3,4,4,1,4,5,18
GP,F,16,GT3,2,no,no,yes,yes,5,4,4,1,1,5,0
GP,M,15,GT3,1,no,no,yes,no,5,5,5,3,2,5,0
GP,F,15,LE3,2,no,yes,yes,yes,5,3,2,1,1,1,0
GP,F,19,GT3,2,yes,no,no,no,3,4,2,1,1,5,2
GP,M,18,GT3,1,yes,yes,yes,no,3,3,3,1,2,4,0
GP,M,16,GT3,1,no,yes,yes,no,3,5,5,2,5,4,8
GP,F,15,GT3,3,yes,no,yes,yes,4,2,2,2,2,5,0
GP,F,15,GT3,1,yes,yes,yes,yes,4,3,3,1,2,4,0
GP,F,17,LE3,1,yes,no,yes,yes,3,4,4,1,3,5,12
GP,F,16,GT3,1,no,no,yes,no,3,2,1,1,4,5,16
GP,M,15,GT3,2,yes,no,no,yes,5,3,3,1,1,5,0
GP,F,15,GT3,3,yes,yes,yes,yes,4,3,3,1,1,5,0
GP,M,17,GT3,2,no,no,no,no,5,4,5,2,4,5,0
GP,F,16,GT3,1,yes,yes,yes,yes,4,3,2,1,1,5,0
GP,M,16,LE3,2,no,no,no,yes,4,4,4,1,3,5,0
GP,F,15,GT3,1,no,yes,yes,no,4,3,2,1,1,5,0
GP,M,15,GT3,4,yes,no,yes,no,2,2,2,1,1,3,0
GP,M,16,LE3,1,yes,yes,yes,no,2,3,3,2,2,2,8
GP,F,15,GT3,3,yes,yes,yes,no,4,2,2,1,1,5,2
GP,F,16,LE3,1,no,no,yes,no,3,4,4,3,3,1,2
GP,M,17,GT3,1,yes,no,yes,no,5,4,5,1,2,5,0
GP,F,15,GT3,2,yes,no,yes,no,4,4,2,1,2,5,0
GP,F,15,GT3,2,yes,no,yes,no,3,3,2,1,1,3,0
GP,F,15,GT3,2,yes,no,yes,no,4,3,2,1,1,5,2
GP,M,16,GT3,1,yes,no,yes,yes,3,3,2,2,1,5,0
GP,M,15,LE3,1,no,no,yes,no,4,5,5,2,5,5,0
GP,M,18,LE3,1,no,no,yes,yes,2,3,5,2,5,4,0
GP,M,16,LE3,1,no,yes,no,yes,4,4,4,3,5,5,6
GP,F,15,GT3,3,yes,yes,yes,yes,4,2,1,2,3,3,8
GP,M,19,GT3,1,yes,no,yes,yes,4,5,4,1,1,4,0
GP,F,17,GT3,1,yes,no,no,yes,4,2,1,1,1,4,0
GP,M,15,GT3,2,no,yes,no,no,4,4,4,1,1,1,2
GP,M,17,LE3,1,no,no,no,no,2,2,2,3,3,5,8
GP,F,18,GT3,1,yes,yes,no,no,5,2,5,1,5,4,6
GP,M,16,GT3,1,no,no,no,no,4,2,2,1,2,3,2
GP,M,16,GT3,2,yes,no,yes,yes,4,5,5,4,4,5,4
GP,M,17,LE3,1,no,yes,yes,yes,3,3,2,2,2,5,0
GP,M,15,GT3,2,yes,no,yes,yes,4,4,4,1,4,3,6
GP,M,16,LE3,1,no,yes,no,no,4,4,4,2,4,5,0
GP,M,17,GT3,1,no,no,yes,no,5,3,3,1,4,2,2
GP,M,17,LE3,2,no,yes,no,yes,5,3,5,1,5,5,0
GP,M,16,GT3,1,yes,yes,no,no,4,5,2,1,1,2,16
GP,M,16,GT3,2,no,no,yes,no,4,3,5,2,4,4,4
GP,F,16,GT3,2,no,no,yes,yes,4,2,3,1,1,3,0
GP,F,16,GT3,2,yes,no,yes,no,5,1,5,1,1,4,0
GP,F,16,GT3,2,yes,no,yes,yes,4,4,2,1,1,3,0
GP,M,16,GT3,1,yes,yes,yes,no,3,4,5,2,4,2,0
GP,M,16,GT3,2,yes,yes,yes,yes,4,3,2,1,1,3,2
GP,M,17,LE3,2,yes,yes,yes,no,4,4,4,1,3,5,0
GP,F,16,GT3,2,no,yes,yes,yes,4,3,5,1,1,3,0
GP,F,16,LE3,2,yes,yes,yes,no,4,4,5,1,1,4,4
GP,M,17,LE3,2,no,yes,yes,no,4,4,4,4,4,4,4
GP,F,16,GT3,2,no,yes,yes,no,3,4,4,1,4,5,2
GP,M,17,GT3,2,no,yes,yes,no,4,3,4,1,4,4,4
GP,M,16,GT3,1,yes,yes,yes,yes,4,3,3,3,4,3,10
GP,M,17,GT3,2,yes,yes,yes,yes,5,2,3,1,1,2,4
GP,M,16,GT3,2,yes,yes,yes,no,3,4,3,2,3,3,10
GP,M,16,GT3,2,no,yes,yes,yes,4,2,3,1,2,3,2
GP,F,17,GT3,2,yes,yes,no,no,5,4,2,2,3,5,0
GP,F,17,LE3,2,yes,yes,yes,yes,5,3,3,2,3,1,56
GP,F,16,GT3,2,yes,no,yes,no,1,2,2,1,2,1,14
GP,M,17,GT3,2,yes,yes,yes,yes,4,3,4,2,3,4,12
GP,M,16,GT3,1,yes,yes,yes,yes,3,3,3,1,2,3,2
GP,M,16,LE3,2,no,yes,yes,yes,4,2,3,1,2,5,0
GP,F,17,GT3,2,yes,no,yes,yes,3,3,3,1,3,3,6
GP,M,17,GT3,2,no,no,no,no,3,1,3,1,5,3,4
GP,F,16,GT3,2,no,no,yes,no,4,3,3,1,1,2,10
GP,F,17,GT3,2,no,yes,yes,no,5,3,3,1,1,3,0
GP,M,17,GT3,2,no,yes,yes,no,4,4,4,4,5,5,12
GP,M,16,GT3,1,yes,yes,yes,no,4,3,2,3,4,5,8
GP,M,16,GT3,1,no,no,yes,no,5,3,3,1,1,3,0
GP,F,17,LE3,2,no,yes,yes,yes,4,3,2,1,1,5,0
GP,M,17,GT3,1,no,no,yes,no,5,2,3,1,2,5,4
GP,M,16,LE3,1,yes,yes,yes,no,3,3,4,3,5,3,8
GP,F,17,GT3,1,yes,no,yes,no,4,2,4,2,3,2,24
GP,F,16,LE3,2,yes,no,yes,no,4,5,2,1,2,3,0
GP,F,16,GT3,2,yes,yes,yes,no,4,3,5,1,5,2,2
GP,F,16,GT3,2,yes,yes,no,no,4,4,3,1,3,4,6
GP,F,17,GT3,2,yes,no,no,no,4,4,4,1,3,1,4
GP,F,17,GT3,1,yes,no,yes,no,5,3,2,1,2,3,18
GP,F,16,GT3,4,yes,yes,yes,no,5,3,5,1,1,5,6
GP,F,17,GT3,3,yes,no,yes,yes,4,4,3,3,4,5,28
GP,F,16,GT3,2,yes,no,yes,no,2,3,3,2,2,4,5
GP,F,16,GT3,2,no,yes,yes,yes,1,3,2,1,1,1,10
GP,F,16,GT3,1,yes,no,no,no,4,3,2,1,4,5,6
GP,F,17,GT3,3,yes,yes,yes,yes,4,4,2,1,1,4,6
GP,F,19,GT3,4,yes,yes,yes,no,4,3,3,1,2,3,10
GP,M,17,LE3,2,yes,no,yes,yes,5,3,5,4,5,3,13
GP,F,16,GT3,2,yes,no,yes,no,3,3,4,1,1,4,0
GP,M,18,GT3,2,yes,yes,yes,no,4,4,4,2,4,5,15
GP,F,17,LE3,1,yes,no,no,no,5,2,1,1,2,3,12
GP,F,17,LE3,2,no,no,yes,no,4,4,4,1,3,1,2
GP,F,17,GT3,2,no,no,yes,yes,3,4,5,2,4,1,22
GP,M,18,LE3,2,yes,no,yes,no,3,2,4,2,4,4,13
GP,F,17,GT3,1,yes,no,no,no,3,3,3,1,4,3,3
GP,F,17,GT3,3,yes,yes,yes,no,4,3,3,1,1,4,4
GP,F,17,GT3,2,yes,yes,yes,no,4,2,5,1,2,5,2
GP,F,17,GT3,3,yes,yes,no,yes,4,3,4,1,1,5,0
GP,F,16,GT3,2,no,no,yes,no,2,3,1,1,1,3,2
GP,M,18,GT3,2,yes,no,yes,no,3,3,3,5,5,4,0
GP,F,16,GT3,3,yes,yes,yes,no,5,3,2,1,1,5,0
GP,F,18,GT3,2,no,yes,yes,yes,5,3,3,1,1,4,16
GP,F,17,GT3,2,no,yes,yes,no,5,3,4,1,3,3,10
GP,M,17,LE3,2,yes,no,yes,no,5,3,3,1,3,3,2
GP,M,18,LE3,2,yes,yes,yes,yes,4,3,2,4,5,3,14
GP,F,17,GT3,3,no,yes,yes,yes,3,2,3,1,2,3,10
GP,F,17,LE3,2,no,yes,yes,yes,3,2,3,1,2,3,14
GP,M,17,GT3,2,yes,yes,yes,no,4,5,2,1,1,1,4
GP,M,17,GT3,2,yes,yes,yes,yes,4,5,5,1,3,2,14
GP,M,16,GT3,2,yes,yes,yes,no,4,2,4,2,4,1,2
GP,M,16,LE3,2,yes,no,yes,no,3,4,2,1,1,5,18
GP,M,16,GT3,3,no,yes,yes,yes,5,3,3,1,3,2,10
GP,M,17,LE3,2,no,yes,yes,yes,4,4,2,5,5,4,4
GP,F,16,GT3,1,no,no,yes,yes,4,5,2,1,1,5,20
GP,F,17,GT3,2,no,yes,no,no,2,1,1,1,1,3,2
GP,M,18,GT3,2,no,no,yes,no,5,5,4,3,5,2,0
GP,M,17,LE3,2,no,yes,yes,yes,2,5,5,1,4,5,14
GP,M,17,LE3,2,yes,no,yes,no,3,3,3,2,3,4,2
GP,M,16,LE3,1,no,yes,yes,no,5,4,5,1,1,3,0
GP,M,16,GT3,1,no,yes,yes,no,5,3,2,1,2,5,0
GP,F,18,GT3,3,yes,no,yes,yes,4,4,4,1,1,3,0
GP,M,16,GT3,1,no,no,yes,no,4,3,3,1,1,4,6
GP,M,17,GT3,1,no,no,yes,no,5,2,2,1,1,2,4
GP,M,22,GT3,1,no,no,yes,yes,5,4,5,5,5,1,16
GP,M,18,LE3,2,yes,no,yes,yes,4,3,3,1,3,5,8
GP,M,16,GT3,1,no,no,yes,no,4,3,2,2,4,5,0
GP,M,18,GT3,1,no,no,yes,no,4,4,5,2,4,5,0
GP,M,16,GT3,2,yes,no,yes,no,5,3,3,1,3,2,6
GP,M,18,GT3,1,no,no,yes,no,3,2,5,2,5,5,4
GP,M,16,GT3,1,no,yes,no,no,3,3,2,1,3,3,0
GP,M,17,GT3,1,no,no,yes,no,4,4,2,2,4,5,0
GP,M,17,LE3,1,yes,yes,yes,no,4,4,4,1,2,5,2
GP,F,17,LE3,4,yes,yes,yes,no,4,2,3,1,1,4,6
GP,M,19,LE3,2,yes,no,yes,no,4,3,1,1,1,1,12
GP,M,18,GT3,2,no,yes,yes,no,5,2,4,1,2,4,8
GP,F,17,LE3,4,no,yes,yes,yes,3,4,1,1,1,2,0
GP,F,18,GT3,2,yes,no,yes,yes,3,1,2,1,3,2,21
GP,M,18,GT3,2,yes,no,yes,no,4,3,2,1,1,3,2
GP,M,18,GT3,3,no,yes,no,no,5,3,2,1,1,3,1
GP,F,17,GT3,3,no,yes,no,no,3,2,3,1,1,4,4
GP,F,18,GT3,3,yes,yes,yes,yes,4,3,3,1,1,3,0
GP,M,18,LE3,2,yes,yes,yes,no,4,2,5,3,4,1,13
GP,M,17,GT3,2,no,yes,yes,yes,5,4,4,3,4,5,2
GP,F,18,GT3,2,no,yes,yes,no,4,3,4,2,2,4,8
GP,M,18,GT3,2,yes,yes,yes,yes,5,4,5,1,3,5,10
GP,F,18,GT3,2,yes,no,yes,yes,4,3,5,1,2,3,0
GP,F,19,GT3,2,yes,yes,yes,no,4,3,5,3,3,5,15
GP,F,18,GT3,4,yes,yes,yes,yes,4,5,5,1,3,2,4
GP,F,18,LE3,2,yes,no,no,no,4,4,3,1,1,3,2
GP,M,17,GT3,2,yes,yes,no,yes,3,5,2,2,2,1,2
GP,F,17,GT3,2,yes,no,yes,yes,4,3,3,1,1,1,2
GP,F,17,LE3,2,yes,no,yes,yes,4,4,4,2,3,5,6
GP,F,18,GT3,2,no,no,yes,yes,4,1,1,1,1,5,75
GP,M,18,GT3,1,no,yes,yes,no,3,2,4,1,4,3,22
GP,F,18,GT3,2,yes,yes,yes,yes,2,4,4,1,1,4,15
GP,M,18,LE3,1,no,yes,yes,no,4,2,3,1,2,1,8
GP,M,17,LE3,1,no,yes,yes,yes,4,5,4,2,4,5,30
GP,M,17,LE3,1,no,no,yes,no,4,4,4,3,4,3,19
GP,F,18,LE3,4,yes,yes,no,no,5,2,2,1,1,3,1
GP,F,18,GT3,2,no,yes,yes,no,5,4,4,1,1,4,4
GP,F,17,GT3,2,yes,no,yes,no,5,4,5,1,2,5,4
GP,M,17,GT3,2,no,no,yes,no,4,3,3,1,2,4,2
GP,F,18,GT3,3,yes,no,yes,no,4,3,3,1,2,2,5
GP,F,17,GT3,3,yes,no,yes,no,4,3,3,1,1,3,6
GP,M,18,GT3,3,no,yes,yes,no,4,2,4,1,3,2,6
GP,M,18,LE3,2,yes,yes,yes,no,5,4,3,1,1,2,9
GP,M,18,GT3,2,yes,yes,yes,yes,4,3,2,1,4,5,11
GP,F,17,GT3,3,yes,no,yes,no,4,2,2,1,2,3,0
GP,F,18,LE3,2,no,no,yes,yes,5,4,3,1,1,5,12
GP,F,17,LE3,4,yes,no,no,no,3,1,2,1,1,3,6
GP,M,18,LE3,3,yes,yes,yes,no,5,4,2,1,1,4,8
GP,M,17,GT3,1,yes,no,yes,no,4,4,3,1,3,5,4
GP,F,19,GT3,2,yes,yes,yes,no,2,3,4,2,3,2,0
GP,F,18,LE3,2,yes,no,yes,yes,4,4,5,1,2,2,10
GP,F,18,GT3,4,yes,no,yes,no,4,3,3,1,1,3,0
GP,M,18,LE3,1,yes,no,yes,yes,1,4,2,2,2,1,5
GP,F,18,LE3,2,yes,no,yes,yes,4,2,4,1,1,4,14
GP,M,17,LE3,1,no,no,yes,no,4,1,1,2,2,5,0
GP,F,17,GT3,3,yes,no,yes,no,4,3,3,1,1,3,0
GP,F,17,GT3,4,yes,yes,yes,no,5,2,2,1,2,5,0
GP,M,19,GT3,2,yes,yes,yes,yes,4,4,4,1,1,3,20
GP,F,18,GT3,2,yes,yes,yes,no,4,4,3,1,1,3,8
GP,M,20,GT3,1,no,yes,no,no,5,5,3,1,1,5,0
GP,M,19,GT3,1,yes,no,yes,yes,4,3,4,1,1,4,38
GP,M,19,GT3,2,no,yes,no,yes,4,5,3,1,2,5,0
GP,F,19,LE3,2,yes,yes,yes,no,4,4,3,1,3,3,18
GP,F,19,LE3,2,no,yes,no,yes,4,2,4,2,2,3,0
GP,F,19,GT3,2,yes,no,yes,yes,3,4,1,1,1,2,20
GP,M,19,GT3,2,no,no,yes,no,4,5,2,2,2,4,3
GP,F,19,LE3,2,yes,no,yes,yes,4,2,2,1,2,1,22
GP,F,19,GT3,3,no,no,yes,yes,4,1,2,1,1,3,14
GP,F,19,GT3,3,no,no,yes,yes,4,1,2,1,1,3,40
GP,F,18,GT3,2,yes,yes,yes,no,5,3,3,1,2,1,0
GP,F,18,GT3,3,yes,yes,yes,yes,4,3,4,1,1,5,9
GP,F,17,GT3,3,yes,yes,yes,no,4,3,4,2,5,5,0
GP,F,18,GT3,2,yes,no,yes,no,4,4,4,3,3,5,2
GP,F,17,GT3,2,yes,no,yes,yes,5,2,2,1,2,5,23
GP,F,17,GT3,2,yes,no,no,yes,4,2,2,1,1,3,12
GP,F,17,LE3,3,yes,yes,yes,no,3,3,2,2,2,3,3
GP,F,17,GT3,3,yes,no,yes,no,3,4,3,2,3,5,1
GP,F,17,LE3,3,no,no,yes,no,3,3,3,2,3,2,0
GP,M,18,GT3,3,no,yes,yes,no,4,3,3,2,2,3,3
GP,M,17,GT3,1,no,yes,yes,no,4,3,5,3,5,5,3
GP,M,17,GT3,1,yes,no,yes,no,4,4,5,5,5,4,8
GP,F,17,GT3,3,yes,yes,yes,no,5,4,4,1,3,4,7
GP,F,17,GT3,3,yes,no,yes,yes,4,3,3,1,2,4,4
GP,M,18,LE3,4,yes,yes,yes,no,4,5,5,2,4,5,2
GP,F,17,GT3,3,yes,no,yes,yes,4,4,3,1,1,5,7
GP,F,18,GT3,2,no,yes,yes,no,5,3,4,1,1,4,0
GP,F,18,LE3,2,no,yes,yes,yes,4,3,3,1,1,2,0
GP,F,18,GT3,4,no,yes,no,no,4,4,4,1,1,4,0
GP,F,17,GT3,3,no,no,yes,no,4,4,5,1,3,5,16
GP,F,19,GT3,3,no,no,no,no,5,4,3,1,2,5,12
GP,F,17,GT3,2,yes,no,yes,yes,4,3,2,2,3,2,0
GP,F,18,LE3,4,yes,no,yes,no,5,3,3,1,1,1,7
GP,F,17,GT3,2,yes,no,yes,no,4,3,3,2,3,2,4
GP,F,19,GT3,3,no,yes,yes,yes,4,3,4,1,3,3,4
GP,M,18,GT3,2,yes,yes,yes,no,4,3,3,2,2,2,0
GP,M,18,LE3,2,no,yes,yes,yes,4,3,3,1,3,5,11
GP,F,17,GT3,2,yes,no,yes,yes,3,3,1,1,2,4,0
GP,F,18,GT3,3,yes,no,yes,no,4,3,3,1,2,3,4
GP,F,18,GT3,3,no,no,yes,yes,5,4,3,2,3,1,7
GP,M,18,GT3,3,no,no,yes,yes,5,3,2,1,2,4,9
GP,M,18,GT3,3,yes,no,yes,yes,5,4,5,2,3,5,0
GP,F,17,GT3,3,yes,yes,yes,yes,4,4,3,1,3,4,0
MS,M,18,GT3,1,yes,no,yes,no,2,5,5,5,5,5,10
MS,M,19,GT3,2,no,no,yes,no,5,4,4,3,3,2,8
MS,M,17,GT3,2,yes,no,yes,no,4,5,4,2,3,3,2
MS,M,18,LE3,1,no,no,yes,yes,4,3,3,2,3,3,7
MS,M,19,GT3,1,yes,no,yes,no,4,4,4,3,3,5,4
MS,M,17,GT3,2,yes,yes,yes,yes,4,5,5,1,3,2,4
MS,F,18,GT3,2,yes,no,no,yes,5,3,4,1,1,5,0
MS,F,17,GT3,2,yes,yes,yes,no,4,3,3,1,2,5,4
MS,F,17,LE3,2,no,no,no,yes,1,2,3,1,2,5,2
MS,M,18,LE3,1,no,no,yes,yes,3,3,2,1,2,3,4
MS,F,18,LE3,3,no,no,yes,no,5,3,2,1,1,4,0
MS,F,18,LE3,2,no,no,no,yes,4,3,4,1,4,5,0
MS,M,18,LE3,2,no,yes,no,no,4,4,3,2,3,5,2
MS,F,18,GT3,2,yes,no,yes,yes,4,3,2,1,3,3,0
MS,F,17,LE3,2,yes,yes,yes,yes,2,3,4,1,1,1,0
MS,F,17,GT3,2,no,no,no,no,3,2,2,1,2,3,0
MS,M,18,GT3,2,yes,no,no,no,3,3,4,2,4,3,4
MS,M,18,LE3,3,no,no,yes,yes,4,2,2,2,2,5,0
MS,F,17,GT3,1,yes,no,yes,yes,5,2,1,1,2,1,0
MS,F,18,GT3,1,yes,no,yes,yes,5,2,3,1,2,4,0
MS,F,18,GT3,2,yes,no,yes,yes,3,2,2,4,2,5,10
MS,F,19,LE3,2,no,yes,no,yes,3,2,2,1,1,3,4
MS,M,18,LE3,1,yes,yes,yes,yes,4,3,3,2,3,3,3
MS,F,17,GT3,3,no,yes,no,yes,3,4,3,1,1,3,8
MS,F,17,GT3,1,no,yes,yes,no,3,5,5,1,3,1,14
MS,F,18,LE3,3,no,no,yes,no,5,4,4,1,1,1,0
MS,F,18,GT3,3,no,no,yes,no,4,3,2,1,2,4,2
MS,F,20,GT3,3,yes,no,yes,yes,5,4,3,1,1,3,4
MS,F,18,LE3,2,no,yes,yes,no,5,4,3,3,4,2,4
MS,F,18,GT3,2,no,no,yes,yes,4,1,3,1,2,1,0
MS,F,17,GT3,2,yes,yes,yes,no,4,5,4,2,3,1,17
MS,M,18,GT3,2,no,yes,yes,no,3,2,4,1,4,2,4
MS,M,18,GT3,1,no,yes,yes,yes,4,4,3,1,3,5,5
MS,M,17,GT3,2,no,yes,yes,no,4,4,3,1,1,3,2
MS,M,19,GT3,1,no,no,no,no,4,3,2,1,3,5,0
MS,M,18,GT3,1,no,no,no,no,5,4,3,4,3,3,14
MS,F,18,GT3,3,no,no,no,no,5,3,3,1,3,4,2
MS,F,18,GT3,1,yes,yes,yes,yes,4,4,3,2,2,5,7
MS,F,19,GT3,3,no,yes,yes,no,5,4,2,1,2,5,0
MS,F,18,LE3,2,yes,no,yes,no,4,3,4,1,1,1,0
MS,F,18,GT3,2,no,yes,no,no,1,1,1,1,1,5,0
MS,M,20,LE3,2,yes,no,no,no,5,5,4,4,5,4,11
MS,M,17,LE3,1,no,no,yes,no,2,4,5,3,4,2,3
MS,M,21,GT3,1,no,no,no,no,5,5,3,3,3,3,3
MS,M,18,LE3,1,no,no,yes,no,4,4,1,3,4,5,0
MS,M,19,LE3,1,no,no,yes,no,3,2,3,3,3,5,5
GP,F,18,GT3,2,no,no,no,no,4,3,4,1,1,3,4
GP,F,17,GT3,2,yes,no,yes,no,5,3,3,1,1,3,2
GP,F,15,LE3,2,no,no,yes,no,4,3,2,2,3,3,6
GP,F,15,GT3,3,yes,yes,yes,yes,3,2,2,1,1,5,0
GP,F,16,GT3,2,yes,no,no,no,4,3,2,1,2,5,0
GP,M,16,LE3,2,yes,yes,yes,no,5,4,2,1,2,5,6
GP,M,16,LE3,2,no,no,yes,no,4,4,4,1,1,3,0
GP,F,17,GT3,2,yes,no,no,no,4,1,4,1,1,1,2
GP,M,15,LE3,2,yes,no,yes,no,4,2,2,1,1,1,0
GP,M,15,GT3,2,yes,yes,yes,no,5,5,1,1,1,5,0
GP,F,15,GT3,2,yes,no,yes,no,3,3,3,1,2,2,2
GP,F,15,GT3,3,yes,yes,yes,no,5,2,2,1,1,4,0
GP,M,15,LE3,1,yes,yes,yes,no,4,3,3,1,3,5,0
GP,M,15,GT3,2,yes,no,yes,no,5,4,3,1,2,3,0
GP,M,15,GT3,3,yes,no,yes,yes,4,5,2,1,1,3,0
GP,F,16,GT3,1,yes,no,yes,no,4,4,4,1,2,2,6
GP,F,16,GT3,3,yes,yes,yes,no,3,2,3,1,2,2,10
GP,F,16,GT3,2,yes,yes,no,no,5,3,2,1,1,4,2
GP,M,17,GT3,1,yes,yes,yes,no,5,5,5,2,4,5,2
GP,M,16,LE3,1,no,yes,yes,no,3,1,3,1,3,5,6
GP,M,15,GT3,2,no,no,yes,no,4,4,1,1,1,1,0
GP,M,15,GT3,1,yes,no,yes,no,5,4,2,1,1,5,0
GP,M,16,LE3,2,no,yes,yes,no,4,5,1,1,3,5,0
GP,M,16,LE3,2,yes,yes,yes,no,5,4,4,2,4,5,2
GP,F,15,GT3,3,yes,yes,yes,no,4,3,2,1,1,5,2
GP,F,16,GT3,1,yes,no,yes,no,1,2,2,1,3,5,6
GP,M,15,GT3,1,yes,no,yes,no,4,2,2,1,2,5,8
GP,M,15,GT3,1,no,no,yes,no,2,2,4,2,4,1,0
GP,M,16,LE3,2,yes,yes,yes,no,5,3,3,1,1,5,2
GP,M,16,GT3,2,yes,yes,yes,yes,4,4,5,5,5,5,4
GP,M,15,GT3,2,yes,no,yes,no,5,4,2,3,4,5,0
GP,M,15,GT3,2,yes,yes,yes,no,4,3,1,1,1,5,2
GP,M,15,GT3,2,yes,yes,yes,yes,4,5,2,1,1,5,0
GP,M,15,LE3,2,no,yes,yes,no,5,3,2,1,1,2,0
GP,M,16,GT3,1,yes,no,yes,no,5,4,3,1,1,5,4
GP,F,15,GT3,1,yes,yes,no,no,3,5,1,1,1,5,4
GP,M,15,LE3,3,yes,yes,yes,no,5,4,3,1,1,4,0
GP,M,16,GT3,3,yes,yes,yes,yes,2,4,3,1,1,5,4
GP,F,15,GT3,3,yes,yes,yes,no,4,3,2,1,1,5,2
GP,F,15,GT3,1,yes,yes,no,no,4,3,1,1,1,2,8
GP,F,16,LE3,2,yes,yes,yes,yes,3,3,3,1,2,3,16
GP,M,15,LE3,1,yes,no,yes,yes,5,4,3,2,4,5,8
GP,M,15,GT3,2,yes,yes,yes,no,4,3,3,1,1,5,0
GP,M,15,GT3,1,yes,no,yes,no,5,4,1,1,1,1,0
GP,F,16,LE3,2,no,yes,yes,no,4,3,3,2,2,5,14
GP,F,15,LE3,2,yes,yes,yes,yes,5,2,2,1,1,5,4
GP,F,16,LE3,2,yes,no,yes,no,2,3,5,1,4,3,6
GP,M,16,GT3,4,no,yes,yes,no,4,2,2,1,1,2,2
GP,M,15,GT3,2,yes,no,no,no,4,3,3,2,2,5,4
GP,F,15,GT3,2,yes,yes,yes,no,4,4,4,1,1,3,2
GP,F,16,LE3,2,yes,no,yes,no,4,3,3,2,3,4,0
GP,F,15,LE3,2,yes,no,yes,no,4,3,3,1,1,5,0
GP,M,15,LE3,1,no,no,no,no,5,5,5,3,4,5,4
GP,F,15,GT3,1,yes,no,yes,no,3,3,4,2,3,5,0
GP,F,15,LE3,1,no,no,yes,no,5,3,4,4,4,1,0
GP,F,16,GT3,2,no,yes,yes,yes,5,3,4,1,1,2,2
GP,F,15,GT3,2,yes,yes,yes,no,4,3,2,1,1,1,0
GP,M,15,GT3,2,yes,yes,no,no,3,2,2,1,1,5,8
GP,M,15,LE3,2,yes,yes,yes,no,4,3,2,1,1,5,0
GP,F,16,GT3,2,yes,no,yes,no,4,2,3,1,1,5,2
GP,F,16,GT3,2,yes,yes,no,no,2,4,4,2,3,4,0
GP,F,16,GT3,1,yes,yes,yes,yes,5,5,5,5,5,5,0
GP,F,16,LE3,2,no,yes,yes,no,4,4,3,1,1,1,0
GP,F,16,GT3,3,yes,yes,yes,no,3,4,4,2,4,4,0
GP,F,15,LE3,2,no,yes,yes,yes,4,4,4,2,4,2,0
GP,F,16,LE3,2,yes,yes,yes,no,5,4,3,1,2,1,2
GP,M,15,GT3,4,yes,yes,yes,yes,1,3,3,5,5,3,0
GP,F,16,GT3,4,yes,no,yes,no,4,3,3,1,2,5,0
GP,F,15,LE3,2,yes,no,yes,no,4,1,3,1,3,4,0
GP,F,15,LE3,4,yes,no,yes,no,4,4,2,2,3,3,6
GP,M,16,GT3,4,yes,no,yes,no,4,3,2,1,1,5,2
GP,M,15,GT3,4,no,no,yes,no,3,3,3,1,1,3,0
GP,F,15,GT3,2,yes,no,yes,yes,3,3,4,2,4,5,2
GP,M,16,GT3,1,no,yes,no,no,5,3,2,2,2,5,0
GP,F,16,GT3,2,yes,yes,yes,no,4,3,3,2,4,5,4
GP,M,15,GT3,2,yes,yes,yes,no,4,3,3,2,3,5,0
GP,M,15,GT3,4,no,yes,yes,no,3,4,3,1,1,1,0
GP,F,16,GT3,4,no,no,yes,yes,5,2,3,1,3,3,1
GP,M,17,GT3,1,yes,yes,yes,no,4,5,1,1,1,3,0
GP,F,16,GT3,2,yes,no,yes,no,2,4,3,1,2,3,14
GP,M,15,GT3,1,yes,yes,yes,yes,3,2,2,1,3,3,0
GP,M,15,GT3,3,no,no,yes,no,5,3,2,1,2,5,2
GP,F,15,LE3,2,yes,no,yes,no,4,4,4,1,1,5,4
GP,M,15,LE3,2,no,yes,yes,no,5,3,3,1,3,4,2
GP,F,15,GT3,2,yes,yes,yes,no,4,3,2,2,3,4,2
GP,F,15,GT3,2,no,no,yes,yes,4,4,4,2,3,5,4
GP,F,16,LE3,2,yes,no,no,no,4,3,4,1,2,2,6
GP,F,15,GT3,3,yes,yes,yes,no,5,3,3,1,3,1,4
GP,M,16,GT3,2,no,yes,yes,no,4,4,2,1,1,3,6
GP,M,16,LE3,2,yes,no,no,no,4,1,3,3,5,5,6
GP,F,16,GT3,3,yes,no,yes,yes,4,3,3,1,3,4,2
GP,F,15,GT3,1,no,yes,yes,no,4,5,5,1,3,1,6
GP,F,16,LE3,2,yes,no,no,no,3,3,3,2,3,2,0
GP,F,16,GT3,2,yes,yes,yes,no,5,3,3,1,1,1,2
GP,M,15,LE3,4,yes,yes,yes,no,4,3,4,1,1,4,2
GP,F,15,GT3,4,yes,yes,yes,no,3,1,2,1,1,1,4
GP,M,16,GT3,1,yes,yes,yes,no,3,3,3,1,1,4,6
GP,F,16,GT3,2,yes,no,no,yes,4,3,5,1,1,5,0
GP,F,16,GT3,1,no,yes,yes,no,5,3,4,1,2,1,4
GP,F,16,GT3,3,yes,no,yes,no,5,3,5,1,1,3,2
GP,M,16,GT3,1,yes,yes,yes,no,4,5,5,5,5,4,12
GP,M,16,GT3,3,yes,yes,yes,yes,4,4,3,1,1,4,0
GP,M,15,GT3,1,yes,yes,yes,no,5,3,3,1,1,5,2
GP,F,15,GT3,2,yes,no,yes,no,4,3,5,1,1,2,16
GP,M,15,GT3,2,yes,yes,yes,no,5,4,4,1,1,1,0
GP,F,15,GT3,4,no,no,no,no,4,3,3,1,1,4,10
GP,F,15,GT3,4,yes,no,yes,no,5,1,2,1,1,3,4
GP,M,16,GT3,3,yes,yes,yes,no,5,3,3,1,1,5,4
GP,M,15,GT3,4,yes,yes,yes,yes,1,3,5,3,5,1,8
GP,F,16,LE3,3,yes,yes,yes,yes,5,4,5,1,1,4,2
GP,M,15,LE3,1,no,yes,yes,no,5,5,3,1,1,4,4
GP,F,16,GT3,3,yes,yes,yes,no,4,1,2,1,1,2,4
GP,F,16,GT3,2,no,yes,yes,no,3,1,2,1,1,5,12
GP,M,15,LE3,1,no,no,yes,no,3,5,2,1,1,3,10
GP,M,15,GT3,2,no,yes,yes,yes,5,4,2,1,1,5,4
GP,M,16,GT3,2,yes,yes,yes,no,5,4,4,1,2,5,6
GP,M,15,GT3,2,yes,yes,no,no,4,4,3,1,1,2,4
GP,M,16,GT3,1,no,yes,yes,no,5,4,2,1,1,5,6
GP,M,17,GT3,2,yes,yes,yes,no,5,2,4,1,4,5,14
GP,M,15,GT3,1,no,no,yes,no,3,4,3,1,2,4,2
GP,F,15,GT3,2,no,no,yes,no,3,2,3,1,2,1,0
GP,M,15,GT3,4,yes,yes,yes,no,5,5,4,1,2,5,6
GP,F,16,LE3,2,yes,yes,yes,yes,4,2,2,1,2,5,2
GP,M,16,GT3,1,yes,yes,yes,no,3,4,4,1,4,5,4
GP,F,16,GT3,2,no,no,yes,yes,5,4,4,1,1,5,0
GP,M,15,GT3,1,no,no,yes,no,5,5,5,3,2,5,2
GP,F,15,LE3,2,no,yes,yes,yes,5,3,2,1,1,1,0
GP,F,19,GT3,2,yes,no,no,no,3,4,2,1,1,5,0
GP,M,16,GT3,1,no,yes,yes,no,3,5,5,2,5,4,8
GP,M,16,GT3,3,yes,no,yes,yes,3,2,3,2,2,1,4
GP,F,15,GT3,3,yes,no,yes,yes,4,2,2,2,2,5,0
GP,F,18,GT3,2,yes,yes,yes,yes,5,4,5,1,3,5,10
GP,F,17,LE3,1,yes,no,yes,no,3,2,2,1,2,5,8
GP,F,15,GT3,1,yes,yes,yes,yes,4,3,3,1,2,4,6
GP,F,17,LE3,1,yes,no,yes,yes,3,4,4,1,3,5,2
GP,F,16,GT3,1,no,no,yes,no,3,2,1,1,4,5,12
GP,M,16,GT3,1,no,no,no,no,3,2,1,1,1,2,4
GP,F,16,GT3,1,no,no,no,no,5,3,4,1,1,5,12
GP,M,15,GT3,2,yes,no,no,yes,5,3,3,1,1,5,2
GP,F,15,GT3,3,yes,yes,yes,yes,4,3,3,1,1,5,4
GP,M,17,GT3,2,no,no,no,no,5,4,5,2,4,5,2
GP,F,16,GT3,2,yes,no,no,no,5,1,3,1,1,3,0
GP,M,18,LE3,1,no,yes,yes,yes,3,3,4,4,5,4,2
GP,F,18,GT3,3,yes,yes,yes,yes,4,3,3,5,1,5,10
GP,F,16,GT3,1,yes,yes,no,yes,3,3,3,1,2,1,8
GP,F,16,GT3,1,yes,yes,yes,yes,4,3,2,1,1,5,4
GP,M,16,LE3,2,no,no,no,yes,4,4,4,1,3,5,0
GP,F,15,GT3,1,no,yes,yes,no,4,3,2,1,1,5,6
GP,F,15,GT3,1,no,yes,yes,yes,5,5,5,1,1,1,2
GP,M,15,GT3,4,yes,no,yes,no,2,2,2,1,1,3,6
GP,F,15,GT3,2,no,no,no,yes,1,3,2,2,3,1,24
GP,M,16,GT3,3,yes,yes,yes,no,5,3,3,1,3,5,0
GP,M,16,LE3,1,yes,yes,yes,no,2,3,3,2,2,2,4
GP,F,15,GT3,3,yes,yes,yes,no,4,2,2,1,1,5,2
GP,F,16,LE3,1,no,no,yes,no,3,4,4,3,3,1,4
GP,M,17,GT3,1,yes,no,yes,no,5,4,5,1,2,5,22
GP,F,15,GT3,2,yes,no,yes,no,4,4,2,1,2,5,0
GP,F,15,LE3,1,yes,yes,yes,yes,4,4,2,1,1,5,0
GP,F,15,GT3,2,yes,no,yes,no,3,3,2,1,1,3,2
GP,F,15,GT3,2,yes,no,yes,no,4,3,2,1,1,5,6
GP,F,15,GT3,2,no,no,no,yes,2,3,4,2,4,1,6
GP,M,16,GT3,1,yes,no,yes,yes,3,3,2,2,1,5,16
GP,M,15,LE3,1,no,no,yes,no,4,5,5,2,5,5,0
GP,M,18,LE3,1,no,no,yes,yes,2,3,5,2,5,4,0
GP,M,16,LE3,1,no,yes,no,yes,4,4,4,3,5,5,6
GP,F,15,GT3,3,yes,yes,yes,yes,4,2,1,2,3,3,2
GP,M,19,GT3,1,yes,no,yes,yes,4,5,4,1,1,4,6
GP,F,17,GT3,1,yes,no,no,yes,4,2,1,1,1,4,0
GP,M,15,GT3,2,no,yes,no,no,4,4,4,1,1,1,0
GP,M,17,LE3,1,no,no,no,no,2,2,2,3,3,5,14
GP,F,18,GT3,1,yes,yes,no,no,5,2,5,1,5,4,6
GP,M,16,GT3,1,no,no,no,no,4,2,2,1,2,3,4
GP,M,16,GT3,2,yes,no,yes,yes,4,5,5,4,4,5,0
GP,M,16,LE3,1,no,no,yes,no,4,4,5,3,5,5,0
GP,M,17,LE3,1,no,yes,yes,yes,3,3,2,2,2,5,8
GP,M,17,GT3,2,yes,no,yes,yes,4,4,4,1,4,3,4
GP,M,15,LE3,1,no,yes,no,no,4,4,4,2,4,5,2
GP,M,16,GT3,1,no,no,yes,no,5,3,3,1,4,2,2
GP,M,17,LE3,2,no,yes,no,yes,5,3,5,1,5,5,0
GP,M,17,GT3,1,yes,yes,no,no,4,5,2,1,1,2,10
GP,M,16,GT3,2,no,no,yes,no,4,3,5,2,4,4,0
GP,F,16,GT3,2,no,no,yes,yes,4,2,3,1,1,3,0
GP,F,16,GT3,2,yes,no,yes,no,5,1,5,1,1,4,0
GP,F,16,GT3,2,yes,no,yes,yes,4,4,2,1,1,3,0
GP,M,16,GT3,1,yes,yes,yes,no,3,4,5,2,4,2,4
GP,M,16,GT3,2,yes,yes,yes,yes,4,3,2,1,1,3,0
GP,M,17,LE3,2,yes,yes,yes,no,4,4,4,1,3,5,0
GP,F,16,GT3,2,no,yes,yes,yes,4,3,5,1,1,3,0
GP,F,16,LE3,2,yes,yes,yes,no,4,4,5,1,1,4,0
GP,M,17,LE3,2,no,yes,yes,no,4,4,4,4,4,4,0
GP,F,16,GT3,2,no,yes,yes,no,3,4,4,1,4,5,0
GP,M,17,GT3,2,no,yes,yes,no,4,3,4,1,4,4,4
GP,M,16,GT3,1,yes,yes,yes,yes,4,3,3,3,4,3,8
GP,M,17,GT3,2,yes,yes,yes,yes,5,2,3,1,1,2,4
GP,M,16,GT3,2,yes,yes,yes,no,3,4,3,2,3,3,4
GP,M,16,GT3,2,no,yes,yes,yes,4,2,3,1,2,3,0
GP,F,17,GT3,2,yes,yes,no,no,5,4,2,2,3,5,0
GP,F,17,LE3,2,yes,yes,yes,yes,5,3,3,2,3,1,32
GP,F,16,GT3,2,yes,no,yes,no,1,2,2,1,2,1,8
GP,M,17,GT3,2,yes,yes,yes,yes,4,3,4,2,3,4,6
GP,M,16,GT3,1,yes,yes,yes,yes,3,3,3,1,2,3,0
GP,M,16,LE3,2,no,yes,yes,yes,4,2,3,1,2,5,0
GP,F,17,GT3,2,yes,no,yes,yes,3,3,3,1,3,3,10
GP,M,17,GT3,2,no,no,no,no,3,1,3,1,5,3,6
GP,F,16,GT3,2,no,no,yes,no,4,3,3,1,1,2,6
GP,F,17,GT3,2,no,yes,yes,no,5,3,3,1,1,3,0
GP,M,17,GT3,2,no,yes,yes,no,4,4,4,4,5,5,16
GP,M,16,GT3,1,yes,yes,yes,no,4,3,2,3,4,5,0
GP,M,16,GT3,1,no,no,yes,no,5,3,3,1,1,3,0
GP,F,17,LE3,2,no,yes,yes,yes,4,3,2,1,1,5,8
GP,M,17,GT3,1,no,no,yes,no,5,2,3,1,2,5,4
GP,M,16,LE3,1,yes,yes,yes,no,3,3,4,3,5,3,16
GP,F,17,GT3,1,yes,no,yes,no,4,2,4,2,3,2,30
GP,F,16,LE3,2,yes,no,yes,no,4,5,2,1,2,3,0
GP,F,16,GT3,2,yes,yes,yes,no,4,3,5,1,5,2,2
GP,F,16,GT3,2,yes,yes,no,no,4,4,3,1,3,4,4
GP,F,17,GT3,2,yes,no,no,no,4,4,4,1,3,1,0
GP,F,17,GT3,1,yes,no,yes,no,5,3,2,1,2,3,21
GP,F,16,GT3,4,yes,yes,yes,no,5,3,5,1,1,5,6
GP,F,17,GT3,3,yes,no,yes,yes,4,4,3,3,4,5,14
GP,F,16,GT3,2,yes,no,yes,no,2,3,3,2,2,4,2
GP,F,16,GT3,2,no,yes,yes,yes,1,3,2,1,1,1,4
GP,F,16,GT3,1,yes,no,no,no,4,3,2,1,4,5,2
GP,F,17,GT3,3,yes,yes,yes,yes,4,4,2,1,1,4,0
GP,F,19,GT3,4,yes,yes,yes,no,4,3,3,1,2,3,4
GP,M,17,LE3,2,yes,no,yes,yes,5,3,5,4,5,3,15
GP,F,16,GT3,2,yes,no,yes,no,3,3,4,1,1,4,0
GP,M,18,GT3,2,yes,yes,yes,no,4,4,4,2,4,5,10
GP,F,17,LE3,1,yes,no,no,no,5,2,1,1,2,3,6
GP,F,17,LE3,2,no,no,yes,no,4,4,4,1,3,1,2
GP,F,17,GT3,2,no,no,yes,yes,3,4,5,2,4,1,16
GP,M,18,LE3,2,yes,no,yes,no,3,2,4,2,4,4,10
GP,F,17,GT3,1,yes,no,no,no,3,3,3,1,4,3,4
GP,F,17,GT3,3,yes,yes,yes,no,4,3,3,1,1,4,0
GP,F,17,GT3,2,yes,yes,yes,no,4,2,5,1,2,5,0
GP,F,17,GT3,3,yes,yes,no,yes,4,3,4,1,1,5,12
GP,F,16,GT3,2,no,no,yes,no,2,3,1,1,1,3,0
GP,M,18,GT3,2,yes,no,yes,no,3,3,3,5,5,4,9
GP,F,16,GT3,3,yes,yes,yes,no,5,3,2,1,1,5,4
GP,F,18,GT3,2,no,yes,yes,yes,5,3,3,1,1,4,4
GP,F,17,GT3,2,no,yes,yes,no,5,3,4,1,3,3,2
GP,M,17,LE3,2,yes,no,yes,no,5,3,3,1,3,3,0
GP,M,18,LE3,2,yes,yes,yes,yes,4,3,2,4,5,3,2
GP,F,17,GT3,3,no,yes,yes,yes,3,2,3,1,2,3,0
GP,F,17,LE3,2,no,yes,yes,yes,3,2,3,1,2,3,0
GP,M,17,GT3,2,yes,yes,yes,no,4,5,2,1,1,1,0
GP,M,17,GT3,2,yes,yes,yes,yes,4,5,5,1,3,2,0
GP,M,16,GT3,2,yes,yes,yes,no,4,2,4,2,4,1,0
GP,M,16,LE3,2,yes,no,yes,no,3,4,2,1,1,5,2
GP,M,16,GT3,3,no,yes,yes,yes,5,3,3,1,3,2,0
GP,M,17,LE3,2,no,yes,yes,yes,4,4,2,5,5,4,0
GP,F,16,GT3,1,no,no,yes,yes,4,5,2,1,1,5,4
GP,F,16,GT3,2,no,yes,yes,yes,5,3,3,1,2,5,0
GP,F,18,LE3,2,yes,no,yes,no,4,3,3,1,1,3,18
GP,F,18,LE3,2,yes,no,yes,yes,5,3,1,1,1,5,16
GP,F,18,GT3,1,no,no,yes,no,4,1,1,1,1,3,14
GP,M,18,GT3,1,yes,yes,yes,yes,4,4,3,2,2,1,26
GP,M,17,GT3,1,yes,yes,yes,no,4,2,1,1,2,5,6
GP,F,17,GT3,2,no,yes,no,no,5,4,2,1,1,3,4
GP,F,17,LE3,3,yes,yes,yes,yes,4,3,2,1,2,4,10
GP,F,16,GT3,1,no,no,yes,no,5,3,5,1,2,5,4
GP,F,17,GT3,2,no,yes,no,no,2,1,1,1,1,3,2
GP,F,17,LE3,1,yes,no,yes,no,5,5,4,1,1,5,14
GP,M,18,GT3,2,no,no,yes,no,5,5,4,3,5,2,16
GP,F,17,LE3,1,yes,no,yes,no,3,1,2,1,1,1,8
GP,F,17,LE3,3,no,yes,yes,no,4,3,3,1,3,5,4
GP,F,17,LE3,2,yes,yes,no,no,4,3,2,1,1,4,4
GP,M,17,LE3,2,no,yes,yes,yes,2,5,5,1,4,5,8
GP,M,17,LE3,2,yes,no,yes,no,3,3,3,2,3,4,0
GP,M,16,LE3,1,no,yes,yes,no,5,4,5,1,1,3,7
GP,M,16,GT3,1,no,yes,yes,no,5,3,2,1,2,5,4
GP,F,17,GT3,2,yes,no,yes,yes,5,3,1,1,4,5,2
GP,M,17,GT3,3,no,no,yes,yes,4,3,3,1,1,1,2
GP,F,17,GT3,3,yes,no,yes,yes,4,2,2,2,3,5,10
GP,F,17,GT3,2,no,no,no,yes,4,3,2,1,1,4,10
GP,F,18,GT3,3,yes,no,yes,yes,4,4,4,1,1,3,10
GP,M,16,GT3,1,no,no,yes,no,4,3,3,1,1,4,7
GP,F,17,GT3,2,yes,no,no,no,4,3,4,1,2,5,4
GP,M,17,GT3,1,no,no,yes,no,5,2,2,1,1,2,2
GP,M,22,GT3,1,no,no,yes,yes,5,4,5,5,5,1,12
GP,M,18,LE3,2,yes,no,yes,yes,4,3,3,1,3,5,8
GP,M,16,GT3,1,no,no,yes,no,4,3,2,2,4,5,0
GP,M,18,GT3,1,no,no,yes,no,4,4,5,2,4,5,8
GP,M,16,GT3,2,yes,no,yes,no,5,3,3,1,3,2,4
GP,M,18,GT3,1,no,no,yes,no,3,2,5,2,5,5,4
GP,M,16,GT3,1,no,yes,no,no,3,3,2,1,3,3,2
GP,M,17,GT3,1,no,no,yes,no,4,4,2,2,4,5,0
GP,M,17,LE3,1,yes,yes,yes,no,4,4,4,1,2,5,0
GP,F,18,LE3,2,yes,no,yes,yes,4,3,4,1,3,5,2
GP,F,17,LE3,4,yes,yes,yes,no,4,2,3,1,1,4,2
GP,F,19,GT3,2,yes,no,yes,no,4,3,3,1,1,5,0
GP,M,18,LE3,2,no,yes,yes,no,4,4,5,4,4,5,4
GP,F,17,GT3,3,yes,yes,yes,no,4,3,4,1,3,5,2
GP,F,18,LE3,3,yes,no,no,no,4,4,3,2,3,3,4
GP,F,18,GT3,2,no,no,no,no,3,2,3,1,1,5,4
GP,M,19,LE3,2,yes,no,yes,no,4,3,1,1,1,1,4
GP,M,18,GT3,2,no,yes,yes,no,5,2,4,1,2,4,2
GP,M,17,GT3,1,no,no,no,no,5,2,2,1,1,4,0
GP,F,17,LE3,4,no,yes,yes,yes,3,4,1,1,1,2,2
GP,F,20,GT3,2,yes,yes,yes,yes,1,2,3,1,2,2,8
GP,F,18,GT3,2,yes,no,yes,yes,3,1,2,1,3,2,2
GP,M,18,GT3,2,yes,no,yes,no,4,3,2,1,1,3,2
GP,M,18,GT3,3,no,yes,no,no,5,3,2,1,1,3,2
GP,F,17,GT3,3,no,yes,no,no,3,2,3,1,1,4,2
GP,F,18,GT3,3,yes,yes,yes,yes,4,3,3,1,1,3,0
GP,M,17,GT3,1,no,no,yes,no,4,4,4,2,3,4,8
GP,M,18,LE3,2,yes,yes,yes,no,4,2,5,3,4,1,6
GP,M,17,GT3,2,no,yes,yes,yes,5,4,4,3,4,5,0
GP,F,18,GT3,2,no,yes,yes,no,4,3,4,2,2,4,8
GP,M,18,GT3,2,yes,yes,yes,yes,5,4,5,1,3,5,4
GP,F,18,GT3,2,yes,no,yes,yes,4,3,5,1,2,3,12
GP,F,19,GT3,2,yes,yes,yes,no,4,3,5,3,3,5,16
GP,F,18,GT3,4,yes,yes,yes,yes,4,5,5,1,3,2,10
GP,F,18,LE3,2,yes,no,no,no,4,4,3,1,1,3,2
GP,M,17,GT3,2,yes,yes,no,yes,3,5,2,2,2,1,2
GP,F,18,GT3,2,yes,no,yes,yes,4,2,5,1,2,1,8
GP,F,17,GT3,2,yes,no,yes,yes,4,3,3,1,1,1,6
GP,F,17,LE3,2,yes,no,yes,yes,4,4,4,2,3,5,6
GP,F,18,GT3,2,no,no,yes,yes,4,1,1,1,1,5,15
GP,M,18,GT3,1,no,yes,yes,no,3,2,4,1,4,3,6
GP,F,18,GT3,2,yes,yes,yes,yes,2,4,4,1,1,4,2
GP,F,17,GT3,3,yes,no,yes,yes,4,2,3,1,1,1,8
GP,F,19,GT3,2,yes,no,yes,no,3,3,3,4,3,3,0
GP,M,18,LE3,1,no,yes,yes,no,4,2,3,1,2,1,0
GP,M,18,GT3,1,no,no,yes,no,3,4,4,2,4,4,10
GP,M,17,LE3,1,no,yes,yes,yes,4,5,4,2,4,5,22
GP,M,17,LE3,1,no,no,yes,no,4,4,4,3,4,3,18
GP,F,18,LE3,4,yes,yes,no,no,5,2,2,1,1,3,2
GP,F,18,GT3,2,no,yes,yes,no,5,4,4,1,1,4,0
GP,F,17,GT3,2,yes,no,yes,no,5,4,5,1,2,5,12
GP,F,18,GT3,2,no,yes,yes,yes,4,3,1,1,1,5,10
GP,M,17,GT3,2,no,no,yes,no,4,3,3,1,2,4,0
GP,F,18,GT3,3,yes,no,yes,no,4,3,3,1,2,2,0
GP,F,17,GT3,3,yes,no,yes,no,4,3,3,1,1,3,0
GP,M,18,GT3,3,no,yes,yes,no,4,2,4,1,3,2,0
GP,M,18,LE3,2,yes,yes,yes,no,5,4,3,1,1,2,0
GP,M,18,GT3,2,yes,yes,yes,yes,4,3,2,1,4,5,2
GP,F,17,GT3,3,yes,no,yes,no,4,2,2,1,2,3,0
GP,F,17,LE3,4,yes,no,no,no,3,1,2,1,1,3,0
GP,M,18,LE3,3,yes,yes,yes,no,5,4,2,1,1,4,0
GP,M,17,GT3,1,yes,no,yes,no,4,4,3,1,3,5,0
GP,F,19,GT3,2,yes,yes,yes,no,2,3,4,2,3,2,2
GP,F,18,LE3,2,yes,no,yes,yes,4,4,5,1,2,2,0
GP,F,18,GT3,4,yes,no,yes,no,4,3,3,1,1,3,0
GP,M,18,LE3,1,yes,no,yes,yes,1,4,2,2,2,1,0
GP,F,18,LE3,2,yes,no,yes,yes,4,2,4,1,1,4,0
GP,M,17,LE3,1,no,no,yes,no,4,1,1,2,2,5,0
GP,F,17,GT3,3,yes,yes,yes,no,5,3,4,1,1,5,0
GP,F,17,GT3,3,yes,no,yes,no,4,3,3,1,1,3,0
GP,F,17,GT3,4,yes,yes,yes,no,5,2,2,1,2,5,0
GP,M,19,LE3,3,no,yes,yes,yes,4,3,1,1,1,5,0
GP,M,20,GT3,1,no,yes,no,no,5,5,3,1,1,5,0
GP,M,19,GT3,2,no,yes,no,yes,4,5,3,1,2,5,0
GP,F,18,GT3,2,yes,no,no,yes,3,4,4,1,2,5,2
GP,F,18,GT3,2,yes,yes,yes,no,5,3,3,1,2,1,2
GP,F,17,GT3,2,no,yes,yes,yes,4,2,1,1,1,3,2
GP,F,17,GT3,1,no,yes,yes,no,4,4,4,1,1,5,2
GP,F,18,GT3,3,yes,yes,yes,yes,4,3,4,1,1,5,2
GP,F,18,LE3,1,yes,no,yes,no,3,2,4,1,4,1,8
GP,F,17,GT3,3,yes,yes,yes,no,4,3,4,2,5,5,2
GP,F,18,GT3,2,yes,no,yes,no,4,1,4,1,1,3,8
GP,M,19,GT3,2,yes,yes,yes,yes,5,4,4,1,1,1,9
GP,F,18,GT3,2,yes,no,yes,no,4,4,4,3,3,5,0
GP,F,18,GT3,1,yes,yes,yes,yes,5,4,4,1,1,1,4
GP,F,17,GT3,1,no,yes,yes,no,5,3,4,1,2,5,2
GP,F,17,GT3,2,yes,no,yes,yes,5,2,2,1,2,5,14
GP,F,17,LE3,2,yes,no,yes,no,5,3,3,1,1,5,0
GP,F,17,LE3,2,no,yes,yes,no,4,2,3,2,2,2,2
GP,M,18,LE3,1,yes,no,yes,no,4,2,5,3,4,5,2
GP,F,19,GT3,3,no,yes,no,yes,1,5,5,4,3,5,12
GP,F,19,LE3,2,yes,no,yes,yes,5,3,4,1,1,4,2
GP,F,18,GT3,1,yes,yes,yes,yes,4,3,5,2,4,5,2
GP,F,17,GT3,2,yes,no,no,yes,4,2,2,1,1,3,4
GP,F,17,LE3,3,yes,yes,yes,no,3,3,2,2,2,3,0
GP,F,17,GT3,3,yes,no,yes,no,3,4,3,2,3,5,0
GP,F,17,LE3,3,no,no,yes,no,3,3,3,2,3,2,0
GP,F,18,GT3,3,no,yes,yes,no,4,5,5,1,2,2,0
GP,M,18,GT3,3,no,yes,yes,no,4,3,3,2,2,3,0
GP,M,17,GT3,1,no,yes,yes,no,4,3,5,3,5,5,0
GP,M,17,GT3,1,yes,no,yes,no,4,4,5,5,5,4,2
GP,F,17,GT3,3,yes,yes,yes,no,5,4,4,1,3,4,0
GP,F,17,GT3,3,yes,no,yes,yes,4,3,3,1,2,4,4
GP,F,17,GT3,1,yes,yes,yes,no,4,2,5,2,5,5,2
GP,M,18,LE3,4,yes,yes,yes,no,4,5,5,2,4,5,0
GP,M,19,GT3,1,yes,no,no,yes,5,3,4,2,2,5,0
GP,F,18,GT3,2,no,yes,no,yes,4,2,5,1,1,2,2
GP,F,17,GT3,3,yes,no,yes,yes,4,4,3,1,1,5,0
GP,M,18,GT3,1,no,no,yes,no,5,4,2,1,2,5,6
GP,F,18,GT3,2,no,yes,yes,no,5,3,4,1,1,4,8
GP,F,18,LE3,2,no,yes,yes,yes,4,3,3,1,1,2,0
GP,F,18,GT3,4,no,yes,no,no,4,4,4,1,1,4,6
GP,F,17,GT3,3,no,no,yes,no,4,4,5,1,3,5,8
GP,F,17,GT3,2,yes,no,yes,yes,4,3,2,2,3,2,0
GP,F,18,LE3,4,yes,no,yes,no,5,3,3,1,1,1,4
GP,F,17,GT3,2,yes,no,yes,no,4,3,3,2,3,2,0
GP,M,18,GT3,2,yes,yes,yes,no,4,3,3,2,2,2,0
GP,M,18,LE3,2,no,yes,yes,yes,4,3,3,1,3,5,6
GP,F,17,GT3,2,yes,no,yes,yes,3,3,1,1,2,4,18
GP,F,18,GT3,3,yes,no,yes,no,4,3,3,1,2,3,0
GP,F,18,GT3,3,no,no,yes,yes,5,4,3,2,3,1,4
GP,M,18,GT3,3,no,no,yes,yes,5,3,2,1,2,4,4
GP,M,18,GT3,3,yes,no,yes,yes,5,4,5,2,3,5,0
GP,F,17,GT3,3,yes,yes,yes,yes,4,4,3,1,3,4,0
GP,F,17,GT3,2,yes,yes,yes,yes,4,3,4,2,2,1,10
GP,F,17,GT3,2,yes,yes,yes,no,4,3,5,2,4,4,4
GP,F,19,LE3,1,no,no,yes,no,2,2,3,3,4,5,16
GP,F,17,GT3,1,yes,no,yes,yes,4,1,2,1,1,3,6
GP,F,21,LE3,3,no,yes,yes,no,3,3,2,1,1,5,0
GP,M,18,LE3,2,yes,yes,yes,no,4,4,4,1,3,3,11
GP,M,18,LE3,2,no,yes,yes,yes,4,3,5,1,4,2,9
GP,F,17,GT3,2,yes,yes,yes,no,4,3,4,1,3,4,0
GP,M,17,LE3,3,yes,no,yes,no,4,4,2,1,2,4,2
GP,F,18,LE3,2,yes,yes,yes,no,4,2,2,1,1,3,0
GP,M,21,LE3,2,yes,yes,yes,yes,5,3,3,5,2,4,21
GP,F,20,GT3,3,no,no,yes,yes,3,2,2,1,3,3,8
GP,F,19,GT3,1,yes,no,yes,yes,3,2,5,4,4,5,5
GP,M,17,LE3,2,yes,no,yes,no,4,4,4,1,2,5,10
GP,F,18,GT3,3,yes,no,yes,yes,4,3,4,1,2,2,5
GP,M,18,GT3,1,no,no,yes,no,3,1,3,4,5,4,13
GP,M,19,GT3,1,no,no,yes,no,5,3,4,1,4,4,10
GP,F,18,LE3,2,yes,no,yes,no,4,1,4,1,3,4,10
GP,F,20,GT3,1,no,no,yes,yes,5,3,1,1,1,5,5
GP,F,18,GT3,2,yes,yes,yes,yes,3,1,2,1,2,1,4
MS,F,16,GT3,1,yes,no,yes,yes,4,3,3,1,3,5,11
MS,F,16,GT3,2,yes,yes,yes,no,4,4,4,1,1,5,0
MS,F,15,GT3,1,yes,no,no,yes,4,1,3,1,1,2,6
MS,F,15,GT3,1,yes,no,yes,no,5,4,4,2,3,5,4
MS,F,16,GT3,2,no,no,no,no,4,5,2,1,2,5,0
MS,F,15,LE3,1,no,no,no,no,1,3,4,1,1,1,0
MS,M,16,LE3,2,yes,no,no,no,5,3,2,1,3,2,5
MS,M,16,GT3,3,no,no,yes,no,4,4,3,1,1,5,0
MS,F,17,GT3,2,no,no,no,yes,4,5,4,1,2,5,0
MS,F,17,GT3,1,yes,no,yes,no,5,4,4,2,2,5,0
MS,F,15,GT3,1,no,no,yes,yes,1,5,1,3,5,5,0
MS,F,16,LE3,4,no,yes,no,yes,1,2,1,1,1,1,4
MS,F,15,LE3,2,yes,no,yes,no,5,4,3,1,2,4,0
MS,F,15,LE3,1,yes,no,yes,yes,4,4,3,1,2,2,4
MS,F,16,GT3,1,yes,yes,no,no,3,2,3,1,2,2,0
MS,F,17,GT3,1,yes,no,yes,no,5,5,5,1,3,3,2
MS,F,15,GT3,1,no,no,yes,no,4,1,3,1,1,4,0
MS,M,16,GT3,2,yes,yes,no,yes,5,4,5,4,5,3,0
MS,M,17,GT3,2,no,no,yes,no,4,4,3,2,4,5,4
MS,M,15,LE3,2,yes,yes,yes,no,5,3,4,1,2,2,0
MS,M,15,LE3,2,yes,yes,yes,no,5,3,4,1,2,2,7
MS,M,16,GT3,2,no,no,no,no,3,4,5,1,2,5,4
MS,M,15,GT3,2,yes,yes,no,yes,5,4,5,2,4,4,8
MS,M,15,LE3,2,yes,yes,yes,no,5,3,3,1,1,5,0
MS,M,17,GT3,1,no,yes,no,yes,5,5,5,5,5,3,8
MS,F,16,GT3,3,no,yes,yes,yes,4,2,2,1,1,4,6
MS,F,15,GT3,1,no,no,no,no,5,1,2,1,1,1,3
MS,F,16,GT3,2,yes,no,yes,no,4,5,4,1,2,1,2
MS,M,16,GT3,2,no,no,no,no,4,3,3,1,1,5,0
MS,F,16,GT3,2,yes,no,yes,no,4,4,5,1,1,4,4
MS,F,16,GT3,3,yes,no,no,no,1,3,2,1,2,4,0
MS,F,16,GT3,3,yes,no,no,no,1,3,2,1,2,4,3
MS,F,15,GT3,2,yes,no,yes,no,4,4,2,3,3,2,0
MS,F,16,GT3,2,yes,no,no,yes,5,4,3,2,1,2,0
MS,M,17,LE3,1,yes,yes,yes,no,5,5,5,5,5,3,4
MS,F,16,GT3,4,yes,no,yes,no,4,3,2,1,1,1,0
MS,F,16,GT3,3,yes,no,no,no,4,4,3,1,1,5,2
MS,F,15,GT3,2,yes,yes,yes,no,4,3,3,1,1,2,1
MS,F,16,GT3,1,no,yes,yes,yes,4,2,2,4,3,2,0
MS,F,15,GT3,2,yes,no,no,no,4,2,1,1,2,2,0
MS,F,15,LE3,3,yes,no,no,no,4,4,3,2,2,5,2
MS,M,16,GT3,1,no,yes,no,no,3,4,4,3,4,5,6
MS,F,18,GT3,2,yes,yes,yes,yes,3,4,4,2,3,5,9
MS,M,15,GT3,1,yes,no,no,no,3,2,3,1,3,4,0
MS,F,16,GT3,2,yes,yes,yes,no,5,3,4,1,1,2,1
MS,M,15,GT3,1,no,no,no,no,4,3,3,1,2,4,1
MS,M,16,GT3,2,yes,yes,no,yes,4,3,1,1,1,3,0
MS,F,15,GT3,2,yes,no,yes,yes,4,5,4,1,1,1,4
MS,F,16,GT3,2,yes,yes,no,no,4,4,4,2,3,5,2
MS,F,16,LE3,1,yes,yes,no,yes,4,3,2,1,1,4,0
MS,M,16,LE3,1,yes,yes,yes,no,2,4,3,2,3,4,4
MS,M,15,LE3,1,yes,yes,yes,no,4,2,4,3,5,3,2
MS,F,15,GT3,3,yes,yes,no,no,5,3,2,1,1,4,0
MS,F,16,LE3,1,yes,no,yes,yes,5,4,3,1,1,5,2
MS,M,15,GT3,1,yes,yes,yes,no,4,3,3,2,4,3,11
MS,F,16,GT3,2,yes,no,no,no,3,4,3,1,1,1,0
MS,F,17,GT3,1,yes,yes,no,no,4,5,3,1,1,5,4
MS,F,19,GT3,1,no,no,yes,yes,4,4,4,1,1,2,0
MS,F,17,GT3,1,yes,yes,no,yes,5,5,3,1,1,3,2
MS,F,15,LE3,1,yes,no,no,yes,5,2,1,1,3,4,0
MS,F,16,GT3,2,yes,no,yes,no,3,4,5,1,2,1,1
MS,F,16,LE3,1,yes,no,no,no,4,3,4,1,2,1,6
MS,F,17,GT3,2,yes,no,yes,no,4,3,5,1,2,4,0
MS,F,16,GT3,1,yes,yes,yes,no,4,4,3,1,4,3,1
MS,F,18,LE3,3,yes,no,no,yes,3,3,2,1,1,2,6
MS,F,19,GT3,3,no,yes,no,yes,5,3,1,1,1,3,6
MS,M,18,GT3,1,no,yes,yes,no,4,4,3,3,4,4,0
MS,F,18,GT3,1,no,no,yes,yes,3,2,3,1,1,2,4
MS,F,19,GT3,2,yes,no,yes,yes,1,1,4,4,1,1,12
MS,F,16,GT3,2,no,no,no,yes,3,3,2,1,1,3,2
MS,F,17,GT3,1,no,yes,no,no,2,4,4,3,5,5,5
MS,F,16,LE3,2,no,yes,yes,no,4,4,5,1,3,3,0
MS,F,16,GT3,1,no,yes,yes,yes,4,5,4,1,1,4,0
MS,F,16,LE3,1,yes,yes,yes,yes,4,4,4,2,2,4,2
MS,M,17,GT3,4,yes,yes,no,no,5,4,5,3,4,5,0
MS,F,16,GT3,2,yes,yes,yes,no,5,3,3,1,1,1,0
MS,F,16,GT3,1,yes,yes,no,yes,4,2,5,1,2,5,0
MS,M,17,GT3,1,yes,yes,yes,yes,5,3,5,5,5,1,12
MS,M,16,LE3,1,no,yes,yes,no,4,2,5,1,5,5,8
MS,M,17,LE3,4,yes,no,no,no,1,3,5,3,5,3,2
MS,F,16,GT3,4,yes,yes,yes,no,2,2,1,1,1,5,0
MS,F,19,LE3,3,no,no,yes,yes,5,4,5,1,1,1,0
MS,F,17,GT3,1,yes,yes,yes,yes,4,4,5,1,2,5,0
MS,F,20,GT3,2,no,yes,yes,yes,3,3,4,2,4,3,8
MS,F,17,LE3,3,yes,no,no,yes,4,3,3,1,1,3,0
MS,M,17,GT3,1,yes,no,yes,no,4,4,5,1,2,5,0
MS,F,16,LE3,2,yes,no,no,no,5,3,2,1,1,1,0
MS,F,17,GT3,2,yes,yes,no,no,5,3,2,1,1,1,0
MS,F,17,GT3,2,no,no,yes,yes,4,4,5,1,1,4,1
MS,F,18,GT3,2,yes,no,yes,yes,4,3,2,1,1,5,9
MS,F,16,GT3,1,no,yes,yes,no,3,1,3,1,3,1,0
MS,F,16,GT3,1,no,no,yes,no,3,1,3,1,4,3,2
MS,F,18,LE3,2,no,no,no,no,2,3,5,1,4,3,8
MS,F,16,GT3,2,no,yes,yes,yes,4,3,3,2,3,2,0
MS,F,16,LE3,1,no,yes,yes,no,5,4,5,1,4,2,0
MS,F,18,GT3,2,yes,no,yes,no,2,3,2,1,3,1,8
MS,M,16,GT3,2,no,yes,yes,no,5,2,1,1,1,2,0
MS,F,16,LE3,2,yes,no,yes,no,4,3,2,1,3,5,6
MS,F,16,GT3,2,yes,yes,yes,no,3,3,3,1,1,2,0
MS,F,16,GT3,2,yes,no,yes,yes,4,3,4,1,2,3,4
MS,M,18,LE3,4,yes,yes,yes,yes,5,5,5,5,5,5,2
MS,F,16,LE3,2,yes,no,no,no,4,2,1,1,1,2,2
MS,M,17,LE3,3,yes,no,yes,no,4,4,3,1,2,5,0
MS,F,17,GT3,1,no,no,yes,yes,4,2,3,1,2,5,1
MS,M,16,LE3,3,no,no,no,no,5,1,3,2,2,3,0
MS,F,17,GT3,1,yes,no,yes,no,5,1,3,1,2,5,5
MS,F,16,LE3,1,yes,no,no,no,5,1,3,1,2,5,1
MS,M,17,GT3,1,yes,yes,yes,no,4,1,4,5,5,3,8
MS,M,17,GT3,2,no,no,yes,yes,5,1,3,3,3,1,0
MS,M,16,GT3,2,no,no,yes,yes,4,2,2,1,4,5,2
MS,F,16,LE3,2,no,no,yes,yes,3,2,2,1,1,3,0
MS,M,16,LE3,1,yes,no,yes,no,4,1,2,2,5,5,0
MS,M,15,GT3,2,yes,yes,no,no,5,5,5,1,3,5,11
MS,M,15,LE3,4,yes,yes,no,no,5,4,5,2,3,5,8
MS,M,15,LE3,1,no,yes,yes,no,4,3,3,1,2,5,11
MS,F,16,LE3,3,yes,no,no,yes,4,3,3,2,2,5,2
MS,F,16,LE3,2,yes,yes,yes,no,1,2,4,2,2,1,8
MS,F,17,GT3,1,no,no,no,yes,4,3,3,2,2,1,5
MS,F,17,GT3,2,no,no,no,no,5,1,3,1,1,5,0
MS,F,16,GT3,3,yes,no,yes,yes,5,3,5,1,4,5,1
MS,M,17,GT3,1,no,yes,yes,yes,3,3,3,1,3,5,2
MS,M,17,LE3,1,no,yes,no,yes,5,1,2,3,3,5,2
MS,M,17,GT3,2,yes,yes,yes,yes,5,4,4,3,4,5,8
MS,F,17,GT3,2,yes,no,yes,no,5,2,5,1,1,5,0
MS,M,16,LE3,1,no,no,yes,no,4,1,2,2,1,2,0
MS,F,17,GT3,2,no,yes,yes,yes,4,5,5,1,2,3,2
MS,F,17,GT3,2,yes,no,yes,no,4,3,3,2,3,5,0
MS,M,16,LE3,2,yes,no,yes,yes,4,1,2,2,2,5,0
MS,M,17,GT3,2,yes,no,yes,no,4,1,2,2,2,1,0
MS,M,19,GT3,2,yes,yes,yes,no,4,4,3,3,4,4,2
MS,M,17,LE3,1,no,no,no,yes,4,1,2,1,1,5,4
MS,F,17,GT3,1,yes,yes,yes,yes,3,5,5,2,2,4,3
MS,F,16,GT3,3,yes,no,yes,yes,4,3,4,1,1,3,5
MS,M,16,LE3,1,no,no,no,no,4,4,4,2,4,5,4
MS,F,17,GT3,2,yes,yes,yes,yes,5,4,4,1,1,5,2
MS,M,17,GT3,1,no,yes,no,yes,5,5,5,3,5,5,0
MS,M,18,GT3,1,yes,no,no,no,4,3,2,1,1,4,0
MS,M,17,GT3,1,yes,yes,yes,yes,4,5,5,1,3,2,0
MS,M,18,LE3,2,yes,yes,no,no,4,3,3,1,4,5,6
MS,F,16,LE3,2,no,yes,no,yes,5,4,3,1,1,1,0
MS,M,17,GT3,1,no,yes,no,yes,1,2,1,2,3,5,0
MS,M,16,GT3,1,no,no,yes,no,4,5,5,2,3,5,2
MS,M,16,LE3,1,no,yes,yes,no,4,5,5,2,4,5,0
MS,M,18,GT3,1,yes,no,yes,yes,5,3,3,2,3,5,2
MS,M,18,GT3,1,no,no,yes,no,2,3,1,2,2,5,0
MS,M,19,GT3,1,no,yes,no,no,3,2,1,1,1,3,4
MS,M,18,GT3,2,yes,yes,yes,no,4,4,5,1,3,3,9
MS,M,16,GT3,1,yes,yes,yes,yes,5,4,3,2,4,4,6
MS,M,19,GT3,1,no,yes,yes,yes,4,4,3,1,3,5,4
MS,F,16,GT3,2,yes,yes,no,yes,2,5,5,1,1,1,8
MS,F,17,GT3,1,yes,yes,no,no,4,3,2,1,2,5,9
MS,M,20,GT3,1,yes,no,yes,yes,4,4,3,2,4,4,12
MS,F,18,GT3,1,yes,no,yes,no,5,4,4,3,4,2,8
MS,M,18,GT3,1,yes,no,yes,no,2,5,5,5,5,5,8
MS,M,19,GT3,2,no,no,yes,no,5,4,4,3,3,2,8
MS,M,17,GT3,2,yes,no,yes,no,4,5,4,2,3,3,4
MS,M,18,LE3,1,no,no,yes,yes,4,3,3,2,3,3,0
MS,M,19,GT3,1,yes,no,yes,no,4,4,4,3,3,5,4
MS,F,18,GT3,2,yes,no,no,no,4,3,3,1,1,5,2
MS,F,19,LE3,1,yes,no,no,no,1,4,4,1,1,5,0
MS,F,18,GT3,1,no,no,yes,yes,5,5,5,1,1,3,0
MS,F,17,GT3,1,yes,no,yes,no,4,4,3,1,1,5,0
MS,F,17,LE3,3,yes,no,no,no,4,2,3,2,2,3,5
MS,F,17,GT3,2,yes,yes,yes,no,5,5,5,1,3,5,0
MS,F,18,LE3,2,yes,yes,yes,no,2,3,3,1,2,4,3
MS,F,17,GT3,1,yes,no,no,yes,3,2,2,1,1,5,0
MS,F,17,LE3,1,no,no,yes,no,5,5,1,1,1,3,0
MS,F,18,GT3,2,no,yes,no,yes,3,4,4,2,2,5,3
MS,F,18,GT3,2,no,yes,yes,no,4,3,5,1,1,1,2
MS,F,17,GT3,1,yes,no,yes,no,4,4,3,1,1,4,0
MS,F,18,LE3,2,no,no,yes,no,4,4,3,1,2,4,0
MS,F,18,GT3,2,no,yes,yes,no,4,3,5,1,2,1,0
MS,M,18,LE3,1,yes,yes,yes,no,5,4,5,1,1,5,3
MS,F,17,GT3,2,yes,no,yes,no,4,3,3,1,2,4,0
MS,F,18,GT3,2,no,yes,no,yes,4,3,3,1,1,4,0
MS,M,18,LE3,1,yes,no,no,no,4,1,4,5,5,1,8
MS,M,18,GT3,1,yes,yes,yes,yes,2,5,5,1,1,1,5
MS,M,17,GT3,1,no,no,no,no,4,2,3,3,4,4,4
MS,F,18,GT3,2,yes,no,yes,yes,1,3,1,1,1,2,4
MS,F,18,LE3,3,no,no,yes,yes,5,4,5,1,4,3,0
MS,F,18,LE3,2,no,yes,yes,yes,5,3,1,1,1,5,0
MS,F,18,GT3,2,no,no,no,no,4,4,2,1,2,2,2
MS,F,19,GT3,1,no,no,no,no,5,5,5,2,3,2,0
MS,F,17,GT3,4,no,no,yes,yes,4,2,3,3,1,5,0
MS,F,17,LE3,2,no,yes,yes,yes,5,3,3,1,2,2,5
MS,F,18,LE3,2,no,no,no,yes,5,2,3,1,2,3,2
MS,F,18,GT3,2,yes,no,no,no,4,1,1,1,1,4,0
MS,F,19,GT3,2,yes,yes,no,yes,3,5,4,1,4,1,0
MS,F,18,GT3,3,no,no,yes,yes,4,2,1,1,1,4,5
MS,M,17,GT3,2,yes,yes,yes,yes,4,5,5,1,3,2,4
MS,F,18,GT3,2,yes,no,no,yes,5,3,4,1,1,5,0
MS,F,17,GT3,2,yes,yes,yes,no,4,3,3,1,2,5,2
MS,F,17,LE3,2,no,no,no,yes,1,2,3,1,2,5,0
MS,M,18,LE3,1,no,no,yes,yes,3,3,2,1,2,3,2
MS,F,18,LE3,3,no,no,yes,no,5,3,2,1,1,4,0
MS,F,18,LE3,2,no,no,no,yes,4,3,4,1,4,5,0
MS,F,18,GT3,2,yes,no,yes,yes,4,3,2,1,3,3,6
MS,F,17,LE3,2,yes,yes,yes,yes,2,3,4,1,1,1,4
MS,F,17,GT3,2,no,no,no,no,3,2,2,1,2,3,0
MS,M,18,GT3,2,yes,no,no,no,3,3,4,2,4,3,0
MS,M,18,LE3,3,no,no,yes,yes,4,2,2,2,2,5,0
MS,F,17,GT3,1,yes,no,yes,yes,5,2,1,1,2,1,0
MS,F,18,GT3,1,yes,no,yes,yes,5,2,3,1,2,4,0
MS,F,18,GT3,2,yes,no,yes,yes,3,2,2,4,2,5,0
MS,M,18,LE3,1,yes,yes,yes,yes,4,3,3,2,3,3,3
MS,F,17,GT3,3,no,yes,no,yes,3,4,3,1,1,3,8
MS,F,17,GT3,1,no,yes,yes,no,3,5,5,1,3,1,4
MS,F,18,LE3,3,no,no,yes,no,5,4,4,1,1,1,0
MS,F,18,GT3,3,no,no,yes,no,4,3,2,1,2,4,4
MS,F,19,GT3,2,yes,no,yes,yes,4,3,3,1,1,3,4
MS,F,18,LE3,2,no,yes,yes,no,5,4,3,3,4,2,1
MS,F,18,GT3,2,no,no,yes,yes,4,1,3,1,2,1,1
MS,F,17,GT3,2,yes,yes,yes,no,4,5,4,2,3,1,10
MS,M,18,GT3,2,no,yes,yes,no,3,2,4,1,4,2,4
MS,M,18,GT3,1,no,yes,yes,yes,4,4,3,1,3,5,0
MS,M,17,GT3,2,no,yes,yes,no,4,4,3,1,1,3,4
MS,M,19,GT3,1,no,no,no,no,4,3,2,1,3,5,0
MS,M,18,GT3,1,no,no,no,no,5,4,3,4,3,3,0
MS,F,18,GT3,3,no,no,no,no,5,3,3,1,3,4,0
MS,F,17,GT3,2,no,no,yes,no,5,5,4,1,1,1,0
MS,F,18,GT3,1,yes,yes,yes,yes,4,4,3,2,2,5,4
MS,F,19,GT3,3,no,yes,yes,no,5,4,2,1,2,5,4
MS,F,18,LE3,2,yes,no,yes,no,4,3,4,1,1,1,4
MS,F,18,GT3,2,no,yes,no,no,1,1,1,1,1,5,6
MS,M,17,LE3,1,no,no,yes,no,2,4,5,3,4,2,6
MS,M,18,LE3,1,no,no,yes,no,4,4,1,3,4,5,4
